workspace,repo_slug,pipeline_uuid,step_uuid,state,name,duration_seconds
solutionsmetrixcrmdev,esl,{b5dc77f5-7490-4a44-888c-2625bc8e62c2},{b82f9591-9d29-4c40-a8bd-d7fe1ec45c09},COMPLETED,Deploy to QA,849
solutionsmetrixcrmdev,esl,{3ee193ea-0d04-435d-a7cc-68840f026e0f},{77822467-5535-46f1-a90b-8df1a94685a9},COMPLETED,Deploy to QA,668
solutionsmetrixcrmdev,esl,{5a240baf-6ffb-45ca-b3c8-e4a6982c3699},{f8d3f3f9-79a4-4dd3-8505-e0c97ead9d50},COMPLETED,Deploy to QA,455
solutionsmetrixcrmdev,esl,{974a8ed2-276d-4767-a706-c9846daa708e},{01a3d6ae-567c-4eb6-88a7-149649881854},COMPLETED,Deploy to QA,610
solutionsmetrixcrmdev,esl,{1bf8282d-0f59-4575-bbaf-331b89fad907},{bef9e62b-5d9c-4cc8-a810-9aa536422eb6},COMPLETED,Deploy to QA,572
solutionsmetrixcrmdev,esl,{f5729353-8bd2-4963-8b1a-dbaff30db74a},{94bd15f9-fa5f-456f-ba40-4bba71a8f467},COMPLETED,Deploy to QA,544
solutionsmetrixcrmdev,esl,{f49cbcef-5a28-4e68-889f-ca093ca5a0b7},{d34f516e-ece3-4a49-8718-0444e29b9522},COMPLETED,Deploy to QA,515
solutionsmetrixcrmdev,esl,{417e3684-aaad-4684-8e74-1cd322fde7ca},{ec4231ac-3fb1-4a67-824a-81e85a3b808d},COMPLETED,Deploy to QA,464
solutionsmetrixcrmdev,esl,{1a125174-34fa-44e8-82ef-4a20815df86b},{663e6174-0bc2-4dd0-b2bf-690b264d44a1},COMPLETED,Deploy to QA,469
solutionsmetrixcrmdev,esl,{3add3884-5c98-4861-bdcf-a59ee6eb4d2f},{9aa6ec12-d0c7-4c55-b662-962b892abcf2},COMPLETED,Deploy to QA,372
solutionsmetrixcrmdev,esl,{6313fe36-6814-451c-a998-a26b820a3889},{6497888d-de73-4d20-9810-0a61e846226f},COMPLETED,Deploy to QA,671
solutionsmetrixcrmdev,esl,{dec68aeb-2267-4d2a-83a3-15be784202e3},{f80db9fb-87d5-4bf3-b8ea-bf74b08c186d},COMPLETED,Deploy to QA,470
solutionsmetrixcrmdev,esl,{67f5bb32-2615-48f6-ab40-3652c4221019},{6643d9c2-e753-4db8-a2f7-7728c3c75380},COMPLETED,Deploy to QA,458
solutionsmetrixcrmdev,esl,{2fc3d5e2-0857-47cf-82b8-1c649e863e4e},{36bc7445-72e6-4ab2-a639-c5f056009d60},COMPLETED,Deploy to QA,510
solutionsmetrixcrmdev,esl,{773143cc-63ac-47ac-b8e3-d6319ba72824},{1ab7533f-70f3-4245-a2a2-31b70225605b},COMPLETED,Deploy to QA,552
solutionsmetrixcrmdev,esl,{7c2a2b3e-879d-4ca4-bcf2-2f59966c9c23},{e05afdfd-f595-454d-ade8-c21e7e8fae4f},COMPLETED,Deploy to QA,504
solutionsmetrixcrmdev,esl,{418e5301-8f7b-4ebf-8c41-cc7643f1b780},{d05bf06a-d4ac-4502-bda0-ccaf8278292c},COMPLETED,Deploy to QA,472
solutionsmetrixcrmdev,esl,{cbfff865-faac-4817-9da1-96b2b1c40399},{695d532d-c472-4b0d-80c2-fa12fca3a4cd},COMPLETED,Deploy to QA,402
solutionsmetrixcrmdev,esl,{62473408-664c-486e-84c6-139aa82ffb88},{880cc59e-fc1d-4e26-857a-a314c7b4fb58},COMPLETED,Deploy to QA,16
solutionsmetrixcrmdev,esl,{8b995b20-6adc-41bc-a307-9185da34ee03},{6be9f583-d13d-4280-a262-81ef992c7253},COMPLETED,Deploy to UAT,821
solutionsmetrixcrmdev,esl,{b2419a91-925e-46db-95c4-d87db39c576d},{e9d8be23-29b3-4e18-a6fa-7390eb876037},COMPLETED,Deploy to QA,469
solutionsmetrixcrmdev,esl,{2616b878-f698-465c-a8eb-b611e49571d1},{cffc6d58-e1c5-4c97-8ee8-d7b4329c8dfb},COMPLETED,Deploy to UAT,1152
solutionsmetrixcrmdev,esl,{c7d70fb1-6779-44f6-8b23-b6e14bdf8a1b},{d75a601d-ad54-4ff1-9772-278f2ef86f2b},COMPLETED,Deploy to QA,550
solutionsmetrixcrmdev,esl,{4e1ec905-83a3-4b6e-add4-fc87d5010eae},{0b9722cd-34c8-49fe-a34e-ce875bba7010},COMPLETED,Deploy to QA,492
solutionsmetrixcrmdev,esl,{a61daa24-d644-445c-81d3-5711813f309f},{9cdcdd46-a30d-472e-a6ea-6be6412e255e},COMPLETED,Deploy to QA,649
solutionsmetrixcrmdev,esl,{78efb4df-d522-446d-adf2-4888268f26cf},{51d4ef3e-112b-4b7e-9107-19290c3f8ba8},COMPLETED,Deploy to QA,757
solutionsmetrixcrmdev,esl,{4035eb8f-0865-4853-9fd7-a9b41b1ac191},{e98fb8e1-dbc7-4257-bf66-357897e2b5c8},COMPLETED,Deploy to QA,626
solutionsmetrixcrmdev,esl,{cc2f8029-a7d8-4d31-a9d4-e962d2c62302},{7603fea7-d275-4ce1-8505-4543f2cfe900},COMPLETED,Deploy to QA,674
solutionsmetrixcrmdev,esl,{ce41a99d-b421-4272-8974-8c212e07020e},{6e318a46-6ae9-4611-b340-0b70139c31d4},COMPLETED,Deploy to QA,490
solutionsmetrixcrmdev,esl,{c7153355-5f4b-41aa-ab0c-d4d5f69a4476},{f7c91ced-3bdd-45d4-b631-a58283bf2661},COMPLETED,Deploy to QA,523
solutionsmetrixcrmdev,esl,{6100a95f-58a6-4214-a68a-8cefc36737e8},{9c675705-fa96-4fc9-9b22-063c83c621d7},COMPLETED,Deploy to QA,651
solutionsmetrixcrmdev,esl,{f2749f97-1754-4cda-b3c9-3a4b2c5d6a28},{acded472-8ba9-4ec9-9c4b-3ec84e5f5605},COMPLETED,Deploy to QA,689
solutionsmetrixcrmdev,esl,{c2409ac6-be8b-4119-bd0a-0131fbbf25cb},{9ac700ca-6224-4108-82b9-b6fdcf91cdcb},COMPLETED,Deploy to QA,494
solutionsmetrixcrmdev,esl,{70ae80dd-f0ba-44bf-9e6d-168892eef74c},{73597f42-6b61-44cc-aa10-c2b0f93b457c},COMPLETED,Deploy to QA,473
solutionsmetrixcrmdev,esl,{0c16f919-b329-4728-bc83-229ab72f9057},{0e499e3c-3c39-43f0-9fac-5d7d25066c36},COMPLETED,Deploy to QA,443
solutionsmetrixcrmdev,esl,{7d661a23-cdb4-4dca-8f4d-5c279a8d335f},{22aca21e-66cb-4f50-9127-3d7a8c349089},COMPLETED,Deploy to QA,709
solutionsmetrixcrmdev,esl,{ff08cf40-4342-4503-b18b-19c4690d3a49},{1b19a3fe-0407-448e-9730-3bd3902eabac},COMPLETED,Deploy to QA,622
solutionsmetrixcrmdev,esl,{424d9fd3-a801-40ad-955a-a24c6ebcf8ab},{b48c2d72-a15b-4c66-b377-0f543bc06862},COMPLETED,Deploy to QA,730
solutionsmetrixcrmdev,esl,{4aa3e653-78e6-441d-856a-46efb8e1400e},{a5e2e149-3ff5-4721-aebb-e4b0593abcc0},COMPLETED,Deploy to QA,481
solutionsmetrixcrmdev,esl,{990cdd66-e75e-44b8-959e-bbc470ba9dd4},{938fbbb4-cfdd-44e0-88e6-7fd3df82b1fa},COMPLETED,Deploy to QA,514
solutionsmetrixcrmdev,esl,{176b05f3-39dc-47d7-bd26-56b74ba546f6},{0836d9e2-cb85-47e5-8b1c-b21b17d3083b},COMPLETED,Deploy to QA,801
solutionsmetrixcrmdev,esl,{3c970422-8b92-4dfa-8cb7-d221fbf1f724},{84bbc75c-f90f-4a31-9f77-1dcf7d9d2591},COMPLETED,Deploy to QA,949
solutionsmetrixcrmdev,esl,{f76a0795-fd47-484d-9042-93e3c366f96e},{7a6c1070-7dfd-48ad-8095-5a8a5fefd3c7},COMPLETED,Deploy to QA,595
solutionsmetrixcrmdev,esl,{9fa1cfde-6ba4-4d0e-a9b2-00d9e45351c7},{eb2a3e49-3525-4e19-b5c6-61448c70cd5c},COMPLETED,Deploy to UAT,555
solutionsmetrixcrmdev,esl,{66d31bb7-de22-40fd-b468-c7ab4696aeca},{31e19ca8-ebba-40d5-8fc5-ad0badd7f4cc},COMPLETED,Deploy to QA,834
solutionsmetrixcrmdev,esl,{d9428231-a7c8-4d11-afc6-dcc22bb5d68f},{5f53831a-d3e4-4efe-8996-ee65b548f27f},COMPLETED,Deploy to QA,1367
solutionsmetrixcrmdev,esl,{33fb94c5-26ee-4f13-8b96-896fef92acf3},{28c0d624-c11c-4068-b6d5-dd731768d7da},COMPLETED,Deploy to QA,707
solutionsmetrixcrmdev,esl,{e919a3a2-792d-4a14-b239-cc75077f77d6},{798ee6da-8bdc-4305-afd3-cefa4d2659bf},COMPLETED,Deploy to QA,577
solutionsmetrixcrmdev,esl,{420cbaa6-d387-4ba1-a70b-ef07d8fee537},{1da6ee73-eaed-4f8e-94b4-3fa75ec83883},COMPLETED,Deploy to QA,804
solutionsmetrixcrmdev,esl,{4ccce5c2-ca49-489a-9d9f-3589007f6dc6},{b09aaec8-bc1c-4005-be29-d26997441acd},COMPLETED,Deploy to QA,616
solutionsmetrixcrmdev,esl,{b718f685-2eba-4cfe-a5d1-0b9e77dfd9cb},{282f5db2-6a4e-4a4c-8de4-c16a337b6468},COMPLETED,Deploy to QA,551
solutionsmetrixcrmdev,esl,{1ac5fa2b-ca7a-407c-b841-efbc79ebf85e},{79283524-ea16-4940-8580-395b74b638e7},COMPLETED,Deploy to QA,472
solutionsmetrixcrmdev,esl,{7397d743-7c88-4947-9f71-d634d7c48088},{13baa402-1aa6-42bd-a51d-6015e348d795},COMPLETED,Deploy to QA,534
solutionsmetrixcrmdev,esl,{4cbc4c8b-0ab2-4ce4-a60f-5f13f38e67aa},{b34602eb-e717-4c0f-b1a6-8e673c1f70c4},COMPLETED,Deploy to QA,676
solutionsmetrixcrmdev,esl,{4da93e11-4894-405a-b496-cbaee0bd0105},{5bb1dc1f-b498-4ad3-894e-fe6d52ee22ce},COMPLETED,Deploy to QA,416
solutionsmetrixcrmdev,esl,{3d2af2f6-483d-457a-ba49-817a7425530a},{17e9c684-dde1-4ebe-91e4-50821cd7fc18},COMPLETED,Deploy to QA,580
solutionsmetrixcrmdev,esl,{88efda39-d21d-44e2-bdb9-692bd1d73892},{9a67460e-d013-48ff-9c97-af572845ae3b},COMPLETED,Deploy to QA,706
solutionsmetrixcrmdev,esl,{584f85cb-3587-4d54-8c59-1a61d22913ac},{505b0dec-2e6c-4ca5-83a7-42f24fee8aaa},COMPLETED,Deploy to QA,417
solutionsmetrixcrmdev,esl,{6ffa1dc2-8570-48be-bf3c-4b12e5b1aa0e},{e8c51d7e-9c9b-4810-9381-7e4f435359f9},COMPLETED,Deploy to QA,428
solutionsmetrixcrmdev,esl,{343d2e1d-f58d-47c3-ac5c-b61c0f0c6942},{ef088a28-1a82-4a18-9664-9fa4de24712d},COMPLETED,Deploy to QA,593
solutionsmetrixcrmdev,esl,{fcaaf72c-d55f-42a0-9d98-d3393feb9419},{9c65f52c-b3a8-447c-8fe3-ea005a91d6b3},COMPLETED,Deploy to QA,561
solutionsmetrixcrmdev,esl,{71e0a864-225a-4445-aef8-07e06146eae2},{53e5dba1-c47f-4c25-8da4-c73c4ef7414e},COMPLETED,Deploy to QA,548
solutionsmetrixcrmdev,esl,{c91357d9-f478-4af9-bb7e-bf8bc8634a32},{8ba3a45a-3b88-4ed9-b65a-29c21e4a35fe},COMPLETED,Deploy to QA,722
solutionsmetrixcrmdev,esl,{75a88594-c9be-4e3f-899a-b64d45b86e14},{03666da1-fde0-48bb-9d21-859200377b52},COMPLETED,Deploy to QA,692
solutionsmetrixcrmdev,esl,{e3546491-8770-40fb-ab5b-55f464b13ff3},{3e7328db-fa95-4bd8-b658-5f4da935ad8c},COMPLETED,Deploy to QA,499
solutionsmetrixcrmdev,esl,{fffe15be-6030-4b2a-a5f0-61363ad26e27},{5208fc6f-02fc-4d50-98ed-fb015b9df963},COMPLETED,Deploy to QA,473
solutionsmetrixcrmdev,esl,{0cbbec65-686a-499f-86f6-b7e88c4527b1},{ccd8207d-f871-4a40-a828-00a85f42e5ea},COMPLETED,Deploy to QA,554
solutionsmetrixcrmdev,esl,{3b9715db-49e1-4e79-9324-33a71c225727},{35236083-a339-41c5-899b-28251642eca7},COMPLETED,Deploy to QA,542
solutionsmetrixcrmdev,esl,{954b3515-d79e-4adf-8eae-e87244d4d79b},{8d144683-5a9e-4ace-9310-cab6a2993c65},COMPLETED,Deploy to UAT,649
solutionsmetrixcrmdev,esl,{4609c796-601b-4913-bfc2-03c7cf95d452},{3dd55bc5-56c9-4579-90ea-012469c26324},COMPLETED,Deploy to QA,632
solutionsmetrixcrmdev,esl,{797651dc-9b41-4453-8030-1b6f0311caef},{4b6dc555-bcc5-48ca-bf69-6d5d1804d667},PENDING,Deploy to QA,
solutionsmetrixcrmdev,esl,{b5d25d5c-1965-4dfd-a61c-7a2f8b42ed75},{6d514260-2576-4a10-bc3b-08af68922fc4},COMPLETED,Deploy to QA,452
solutionsmetrixcrmdev,esl,{30392877-eff2-422b-8507-a12ae3cbd6de},{173d96c8-e8fa-4565-9c4d-90479c0358b7},COMPLETED,Deploy to QA,733
solutionsmetrixcrmdev,esl,{afbfbdf4-450f-41cc-bcab-68d432452847},{7f524d4d-de38-4c19-ade6-565a3dbf3148},COMPLETED,Deploy to QA,662
solutionsmetrixcrmdev,esl,{62176cfa-39fc-4de7-adf8-36eb399cea88},{859f62a5-a02f-4f8f-b20d-fb42be138c20},COMPLETED,Deploy to QA,789
solutionsmetrixcrmdev,esl,{c3dd7c66-f43a-4670-b55c-3fbd61a13c1a},{3130cfea-109a-49d1-b291-ac2a3cd9368d},COMPLETED,Deploy to QA,610
solutionsmetrixcrmdev,esl,{a51f5204-4203-49a3-b75f-ea7b194fd1f7},{f07785e3-e816-4e02-b528-eca80ce76c32},COMPLETED,Deploy to QA,498
solutionsmetrixcrmdev,esl,{602628a0-acbe-457a-9651-7aae5195dbb1},{e6b4848d-484d-4c14-bb5d-baa91a835abe},COMPLETED,Deploy to QA,419
solutionsmetrixcrmdev,esl,{637e547d-dc5d-4da7-a6dd-5de91272c458},{ecb27e81-41aa-42b1-ae0e-77fefb854b9d},COMPLETED,Deploy to QA,503
solutionsmetrixcrmdev,esl,{f17ebd2f-6635-4041-841f-35721f7e863d},{1fd592e3-9fec-4283-8454-177a7bd7423a},COMPLETED,Deploy to QA,587
solutionsmetrixcrmdev,esl,{0298bdf1-9230-4184-9c3f-c8297c6fe7fb},{37200909-7843-4f53-819e-41fcc4b5d4b1},COMPLETED,Deploy to QA,746
solutionsmetrixcrmdev,esl,{5dd71bdf-03a7-47fa-9b1b-65015fadc0f9},{8d55339a-c36b-4ed3-8fc0-947d97e47388},COMPLETED,Deploy to QA,427
solutionsmetrixcrmdev,esl,{8813f526-eea3-4cf0-a72f-fb2a1e298556},{7a540fb9-3c97-42e6-8d84-0a3e6f2efec2},COMPLETED,Deploy to QA,591
solutionsmetrixcrmdev,esl,{42b1d8fa-c933-4dd0-add9-1b2645509dc0},{416efced-ea35-478f-83a5-557d3cc88b64},COMPLETED,Deploy to QA,548
solutionsmetrixcrmdev,esl,{c2b42017-6022-480a-8563-011b3105e1a0},{59504c0a-9f0b-4bed-b2dc-0d0aece2bc30},COMPLETED,Deploy to QA,524
solutionsmetrixcrmdev,esl,{14c97bed-2872-4ebe-889e-cbd2eab2c8d4},{11d750cb-8443-4734-8eca-620a93e47cbb},COMPLETED,Deploy to QA,763
solutionsmetrixcrmdev,esl,{68c2e456-6986-4946-a3af-8a05959d2387},{8aeb29d2-d68a-4d92-8dbd-d903ec0f1d77},COMPLETED,Deploy to QA,571
solutionsmetrixcrmdev,esl,{b397cfdc-0fcd-4c15-96fe-8347ca1f7c11},{f7ce1970-61c7-4f0d-9d72-e2110a66b9ef},COMPLETED,Deploy to QA,4
solutionsmetrixcrmdev,esl,{f0ca8a85-ac22-4dd3-b906-4ed30e0c61a0},{fc60b438-4ee7-49cb-9cdb-5e57cbb2e371},COMPLETED,Deploy to QA,624
solutionsmetrixcrmdev,esl,{c3121951-3bdb-43b3-98aa-dff0f3274744},{7f78f923-9c75-4315-91f2-54ce7e06885a},COMPLETED,Deploy to QA,477
solutionsmetrixcrmdev,esl,{9942ace0-8722-4d48-8b87-779152364ae9},{150f3a96-4725-4fd7-a1c1-67c138642d16},COMPLETED,Deploy to QA,635
solutionsmetrixcrmdev,esl,{2419b460-99fe-4932-9fbe-6f818698092b},{d53d245d-8f10-4045-a888-ca5b43ea4098},COMPLETED,Deploy to UAT,2
solutionsmetrixcrmdev,esl,{c9968203-4402-4f69-8f22-a27da81b5955},{a24d0ada-d326-48d9-bfd2-654045a4ae92},COMPLETED,Deploy to QA,659
solutionsmetrixcrmdev,esl,{74c3b948-b30a-44c5-8c5e-9c31e9392213},{ab1f3272-6073-4fe1-a67a-311b69b182c2},COMPLETED,Deploy to QA,691
solutionsmetrixcrmdev,esl,{ab495c71-cfb4-422a-870b-04666832b96b},{a32a5540-0373-4a1b-80dc-3f2ade4ab928},COMPLETED,Deploy to QA,680
solutionsmetrixcrmdev,esl,{e5fabdbe-e17d-4543-a963-28cdff0c09c5},{502fb901-e8bd-442e-98e9-27a5881b7ef2},COMPLETED,Deploy to QA,487
solutionsmetrixcrmdev,esl,{21858a64-79ce-4580-a809-381b6ccc7aa4},{510f3aac-41a6-4344-ab00-7a79b140320a},COMPLETED,Deploy to UAT,483
solutionsmetrixcrmdev,esl,{5ad5252e-8b5f-4eee-93e5-4c1f26b8bedf},{832b956f-e13b-498f-9747-374c7dc51b9d},COMPLETED,Deploy to QA,797
solutionsmetrixcrmdev,esl,{30000bad-03ef-464e-a8f0-b47d476daa1f},{211f56fd-4ba7-4002-a6d2-b116a5630d3d},COMPLETED,Deploy to QA,601
solutionsmetrixcrmdev,esl,{f2ec8150-c6c7-42d1-a640-752ae6aedc41},{62bc0e23-f10a-4a4d-88ca-2725b5c56ccc},COMPLETED,Deploy to QA,665
solutionsmetrixcrmdev,esl,{fb065b7a-6daf-46ab-a9cf-b46455412b97},{76fa39a2-26f0-4fc4-a051-f5b77438a19d},COMPLETED,Deploy to QA,723
solutionsmetrixcrmdev,esl,{23463d92-c66e-4dc7-bf72-a257387c578c},{6abc8759-918f-4458-82a0-4ab76481b0e4},COMPLETED,Deploy to QA,2183
solutionsmetrixcrmdev,esl,{2009892d-8ece-41dc-b6ab-9cf45a6cd0ad},{8bfd4590-9b77-4eda-947e-7c71c6b33fdb},COMPLETED,Deploy to QA,454
solutionsmetrixcrmdev,esl,{ded17217-2f18-4455-84d6-a7f972ca52b3},{d93ac417-223d-47a9-90e5-c159542d189f},COMPLETED,Deploy to QA,396
solutionsmetrixcrmdev,esl,{26041e46-1717-4033-9de9-fd0bd38600a3},{cd2c7488-be8c-4fc4-b4ff-e383148b6e8c},COMPLETED,Deploy to QA,462
solutionsmetrixcrmdev,esl,{feabfaaa-5130-4eba-a0c6-57c9ea66d7af},{0191ff11-e04e-4d8d-a189-1a1d890cfa9f},COMPLETED,Deploy to QA,601
solutionsmetrixcrmdev,esl,{d85f8993-b22a-416d-a740-72b4fc65b4eb},{2fd4fb29-61b4-4933-bbb5-8e09259e3dd0},COMPLETED,Deploy to QA,536
solutionsmetrixcrmdev,esl,{0410f49c-4b3b-44ee-94e2-afa1e4593b35},{1de69462-0ea1-4b31-9996-51087005187e},COMPLETED,Deploy to QA,476
solutionsmetrixcrmdev,esl,{6a9dd18b-bc23-4f97-9365-c49279e348a0},{ba3c0d70-33aa-421e-ad8a-a962c666ef77},COMPLETED,Deploy to UAT,536
solutionsmetrixcrmdev,esl,{6a2068f0-4705-4ffd-b419-3a1fefa7b8ba},{336bd317-2465-4968-a737-5251fc51bb2f},COMPLETED,Deploy to QA,752
solutionsmetrixcrmdev,esl,{39e2311c-e822-46f0-b951-dc017cc885ec},{5679576c-b8a6-4d07-9693-9e95bf90e9fd},COMPLETED,Deploy to QA,484
solutionsmetrixcrmdev,esl,{09b5fe62-0ccf-40c9-9e56-026b11e6f677},{2501bec3-5261-4475-850b-43bf6a7e9a74},COMPLETED,Deploy to QA,476
solutionsmetrixcrmdev,esl,{ca5f9809-d06b-4070-a812-d2a938764a57},{89436b7c-d9ed-44f2-be5d-5843f3ff0d97},COMPLETED,Deploy to QA,520
solutionsmetrixcrmdev,esl,{7466c65d-8c10-466c-b0b7-2dcb3641221f},{22f2c658-e75f-4877-8206-f516a6dd0411},COMPLETED,Deploy to UAT,524
solutionsmetrixcrmdev,esl,{afa24979-4265-4122-9df3-b7f076f9c3fb},{6c47e315-ef2e-42b5-b965-6b119631c973},COMPLETED,Deploy to QA,635
solutionsmetrixcrmdev,esl,{22a10b8d-7de2-4171-838f-42e595a7a58b},{3c59ae40-94fd-43b1-b3a5-d925077efa87},COMPLETED,Deploy to QA,949
solutionsmetrixcrmdev,esl,{89ad930b-2618-41b8-b94a-4a3a9966ae77},{1a78f802-23ad-4236-9cee-d9207cba21b1},COMPLETED,Deploy to QA,474
solutionsmetrixcrmdev,esl,{9b04551e-e248-4253-839e-68f313773dce},{69efb69e-2f3e-430b-ab47-7a3b74e6811e},COMPLETED,Deploy to QA,518
solutionsmetrixcrmdev,esl,{91babe4d-7f60-41b6-b1d8-2de226a57336},{8ec6e346-3690-4ecc-8052-ce239485a300},COMPLETED,Deploy to QA,568
solutionsmetrixcrmdev,esl,{bf906b26-2dcc-4daa-a4f0-b321cd558a78},{e9215b4d-bcb3-433b-b020-13e213bca7c5},COMPLETED,Deploy to QA,643
solutionsmetrixcrmdev,esl,{b6afb727-e745-434a-a605-d59fc0f6393e},{50868f16-c569-48ed-9346-d988059b7a4a},COMPLETED,Deploy to QA,629
solutionsmetrixcrmdev,esl,{c1f3dd92-1ba3-4812-8022-7e1acf65b38f},{ce60a181-f24f-45e4-8f9d-8c99e759a326},COMPLETED,Deploy to QA,666
solutionsmetrixcrmdev,esl,{15c9cd0f-2a84-4ba2-9cc9-c04cc0ba1702},{e4b52132-5bb2-4673-995b-4195f23e3927},COMPLETED,Deploy to QA,1241
solutionsmetrixcrmdev,esl,{2caa5f5a-41fe-41fb-9d9d-a9fbbf526c26},{10708d86-8240-4967-9878-b310dd03adf7},COMPLETED,Deploy to QA,489
solutionsmetrixcrmdev,esl,{b22ea53d-2e4d-44ce-99e8-b4d3a9191fa3},{0d2e66d9-4c64-4263-9315-7e5caf9f3bc7},COMPLETED,Deploy to UAT,641
solutionsmetrixcrmdev,esl,{c4dfa22f-99d8-4d18-9f49-b1ceeed25a38},{8a545055-ba87-48d8-a99c-f142f8630cd9},COMPLETED,Deploy to QA,2221
solutionsmetrixcrmdev,esl,{e2880384-ec3e-4795-a94f-9de00afda4c3},{147a7839-ef6c-47db-861b-b30a6aff67e9},COMPLETED,Deploy to QA,502
solutionsmetrixcrmdev,esl,{eb64799e-7f74-418d-9285-2c267f967fd0},{f855c981-1883-4e5c-bf5c-c80c47638932},COMPLETED,Deploy to UAT,569
solutionsmetrixcrmdev,esl,{f5163473-e44b-43d5-86e7-8976e7b315ff},{41f43966-7dcd-4f22-8bf5-331ca1a9acf5},COMPLETED,Deploy to QA,638
solutionsmetrixcrmdev,esl,{38bdeb8e-b117-42cf-8c57-0e4add5cc66a},{b2e3a056-c31f-48eb-aa01-7652035a3264},COMPLETED,Deploy to QA,554
solutionsmetrixcrmdev,esl,{5bb035fb-6e6e-4ff4-b243-844c0677768e},{20f1d02a-1642-4c3e-ae3a-70308b6c845f},COMPLETED,Deploy to QA,839
solutionsmetrixcrmdev,esl,{d1797918-3d51-436f-be81-07c68eb571fe},{342e332b-5e22-4040-9cb0-fa17b339a960},COMPLETED,Deploy to QA,529
solutionsmetrixcrmdev,esl,{c4984512-fca4-4622-b2d8-66737b2b3c44},{6af08567-4053-484d-8305-13ee05cd7165},COMPLETED,Deploy to QA,730
solutionsmetrixcrmdev,esl,{bf924a45-9ac6-4ff6-93d5-22883cc329d2},{c8653ff1-0af9-4b31-9719-fbd14c97feac},COMPLETED,Deploy to QA,537
solutionsmetrixcrmdev,esl,{cfd52eb4-3a28-489d-88b0-9587e31a3e26},{7a23e904-d26b-40a7-b748-f3d8d761b615},COMPLETED,Deploy to QA,696
solutionsmetrixcrmdev,esl,{4160f189-f51d-4290-82b7-a245d040e782},{fc7a1505-107b-40b8-a9a0-7a3686896388},COMPLETED,Deploy to QA,548
solutionsmetrixcrmdev,esl,{8de3279b-0c33-47f2-85f9-1c6e68093139},{91c49e09-11b5-4aa0-b9b1-3379e98a688b},COMPLETED,Deploy to QA,514
solutionsmetrixcrmdev,esl,{109218f4-c9b6-4bde-966a-803770a45fbf},{c4ab87dd-8f85-4759-b237-ab041dd171cc},COMPLETED,Deploy to QA,781
solutionsmetrixcrmdev,esl,{6c291068-a680-4528-84c5-a6e69a1420a2},{02e6214e-64af-4759-a9ba-89febf6f3db4},COMPLETED,Deploy to QA,509
solutionsmetrixcrmdev,esl,{2014c49b-2604-4e57-bc83-e3073abcc4c0},{a7c884c5-3741-45a9-904b-6e19abb31146},COMPLETED,Deploy to UAT,713
solutionsmetrixcrmdev,esl,{3e29e65e-bf67-489c-bee9-ad737ae925c4},{d7739f05-7d6d-46c4-9026-0cbd913d1e4d},COMPLETED,Deploy to QA,785
solutionsmetrixcrmdev,esl,{977e4a87-b758-4b58-bc13-9843ca72a33e},{a9628cf7-979c-4fc9-86ea-c067970e8f29},COMPLETED,Deploy to QA,496
solutionsmetrixcrmdev,esl,{2c2a95ae-f52e-4f49-9dff-8de42ed3bd19},{23005dcf-79cc-41ab-9a0c-0e33ce33588c},COMPLETED,Deploy to QA,611
solutionsmetrixcrmdev,esl,{499eba05-540e-463c-b8a4-08019b6f8c86},{394b238f-8d1e-4be7-bc20-25fcb012fea4},COMPLETED,Deploy to QA,739
solutionsmetrixcrmdev,esl,{9fd6eb6a-d16d-4daf-8de8-d32c5e64d64b},{cdf390ed-5c10-447f-8fcd-2f938e3e488e},COMPLETED,Deploy to QA,982
solutionsmetrixcrmdev,esl,{2db443e2-3667-43ef-b73c-d29fe45c9359},{6e5fa1ab-7b54-4871-8181-07e3088ef006},COMPLETED,Deploy to QA,712
solutionsmetrixcrmdev,esl,{6174a566-c5af-4f4b-b224-9ae7714a6087},{37ad831a-e75e-43bf-bcef-b477e26cdeac},COMPLETED,Deploy to QA,529
solutionsmetrixcrmdev,esl,{594c0b10-3dd5-428e-b24c-d3cee5dd75dc},{77c4e2aa-c73d-44a8-9b56-17d46eb5e607},COMPLETED,Deploy to QA,657
solutionsmetrixcrmdev,esl,{0adfa1f3-8fba-4b44-ade6-b9d8f7e4a880},{e5d70d07-5a8a-452c-b5c5-f5b82e50343e},COMPLETED,Deploy to QA,531
solutionsmetrixcrmdev,esl,{9010538d-cd7e-4f8c-8502-6e8ab6fc0343},{753638a9-1d2a-4be2-bc0b-4687f7a4c307},COMPLETED,Deploy to QA,732
solutionsmetrixcrmdev,esl,{a707365e-2baf-4dfd-8137-47ef20a28135},{d4f9b416-c534-4cb7-85ba-6eac9d73d417},COMPLETED,Deploy to QA,480
solutionsmetrixcrmdev,esl,{114c5fda-9406-48f8-b784-a64f75e9d799},{fe91b971-46bb-4e3c-9673-52c93f883367},COMPLETED,Deploy to QA,492
solutionsmetrixcrmdev,esl,{c02eb6b9-f947-466d-bd93-ed421df6644c},{f631ba08-dc6e-41b5-82e3-50486a78d6ff},COMPLETED,Deploy to QA,495
solutionsmetrixcrmdev,esl,{13be7685-5332-46f8-b036-5a4148f6474d},{1d1b8256-7118-46b1-a3be-2618f39fb689},COMPLETED,Deploy to QA,545
solutionsmetrixcrmdev,esl,{8705ea06-d456-46be-b75e-d67c915e8244},{32b7c297-ffed-47b4-8d20-35388cb71ada},COMPLETED,Deploy to QA,844
solutionsmetrixcrmdev,esl,{890fb91d-a0eb-40b5-a124-6e76f43bfa8c},{c447026f-44a2-4c1a-aaae-0f7bba80dd3c},COMPLETED,Deploy to QA,404
solutionsmetrixcrmdev,esl,{cc49a33c-340c-4423-a686-3c63012c5d82},{46421c53-28bb-4ce1-afc7-6e51228be6a0},COMPLETED,Deploy to QA,500
solutionsmetrixcrmdev,esl,{eaecd357-3e83-4963-bf50-f393ff6d72e2},{2e0a20ae-4788-426c-926a-d3ffb57d8b19},COMPLETED,Deploy to QA,480
solutionsmetrixcrmdev,esl,{cc2147c2-7463-4d9c-b8d6-e32ae953f2af},{ce19d5b4-c7fc-4d9b-b18a-908f55d5f715},COMPLETED,Deploy to QA,847
solutionsmetrixcrmdev,esl,{f5031bad-ba6f-438b-86e8-fcb191448eaf},{9f4abbb8-95f2-4d43-9729-6fd6b4837c11},COMPLETED,Deploy to QA,829
solutionsmetrixcrmdev,esl,{325aa041-b673-46ef-8c63-3907d4699ea7},{27b8a05c-2bb9-4f45-83f0-0d9a48f9cf50},COMPLETED,Deploy to QA,884
solutionsmetrixcrmdev,esl,{ac5e0cd7-66e7-4e42-b591-4d186aae8d15},{0b2dc848-3daa-4ab9-9659-e296ec129fd0},COMPLETED,Deploy to UAT,879
solutionsmetrixcrmdev,esl,{882ae10d-dc74-4e00-9dd8-1bc676ffe386},{bbeb2fd5-d1e3-4764-89e8-cc1189faddce},COMPLETED,Deploy to QA,753
solutionsmetrixcrmdev,esl,{d8827143-b6e4-4874-aa72-00625296a346},{4a45d24f-afe8-4e59-aa31-21634acf3fe6},COMPLETED,Deploy to QA,386
solutionsmetrixcrmdev,esl,{3d6b5cc6-667e-4d10-ab61-acb1c4d5433f},{dc3983af-8360-478a-bc09-72b68f497957},COMPLETED,Deploy to QA,916
solutionsmetrixcrmdev,esl,{3e4701a8-f50a-4a6d-8812-d5d3c70752d5},{7f1c738e-02d0-4102-983f-6a32f91e9e6e},COMPLETED,Deploy to UAT,809
solutionsmetrixcrmdev,esl,{bb429a03-b106-4b67-84fe-88a0f221f378},{b02c4743-50d3-4911-b347-8d83e4aec3c2},COMPLETED,Deploy to QA,851
solutionsmetrixcrmdev,esl,{46a034ff-3737-47ab-8bfa-a0066b45adf1},{32f60b98-bb41-440b-806e-bd8f6207fa49},COMPLETED,Deploy to QA,1985
solutionsmetrixcrmdev,esl,{08eede7b-4f42-4825-96d6-b7ddf69dcf1d},{624bf497-81c1-4dd0-8f02-995c2a784f9e},COMPLETED,Deploy to QA,448
solutionsmetrixcrmdev,esl,{bb0586f4-6e76-49c6-b99e-fd6879657a4c},{dc6860b8-6007-48c9-b1e9-62cc0187d753},COMPLETED,Deploy to QA,940
solutionsmetrixcrmdev,esl,{d0e68f42-158b-4d48-9c0b-321369949aa4},{ea65da22-bad7-4f44-a768-7d21e423d4bf},COMPLETED,Deploy to QA,536
solutionsmetrixcrmdev,esl,{5f0ae679-e599-4e13-89f4-4680a5781fbf},{8392a50b-0ef5-464e-b1dd-43ab2f2f0f9a},COMPLETED,Deploy to QA,563
solutionsmetrixcrmdev,esl,{6d961f6b-aa40-4f21-9ce5-5607884d5581},{d7d9967b-beef-4315-ba26-c61c7779da4e},COMPLETED,Deploy to UAT,1043
solutionsmetrixcrmdev,esl,{ae8445e2-57da-4684-8966-39b3bbed5ae6},{b250a24a-ecce-430f-b75b-3dc29ac706da},COMPLETED,Deploy to UAT,647
solutionsmetrixcrmdev,esl,{d89d45a8-617b-4bd2-98ad-8ce8f29e7e8a},{2ad0916b-009e-4938-b8c9-2feecae6fbd4},COMPLETED,Deploy to QA,7208
solutionsmetrixcrmdev,esl,{25826866-582b-4d20-ba82-118c09981d49},{34858227-5c34-42a5-8b89-edb0b3a93c86},COMPLETED,Deploy to QA,439
solutionsmetrixcrmdev,esl,{42e0c7d7-eb16-451f-8268-d45a9b094ae6},{929b1345-b3ce-482b-81bd-fd105b868fa3},COMPLETED,Deploy to UAT,576
solutionsmetrixcrmdev,esl,{2074e411-a651-4c54-b5fa-686c666d37ef},{87bd4db0-269e-40c2-bd64-18a7ee7417b4},COMPLETED,Deploy to QA,1696
solutionsmetrixcrmdev,esl,{e643bb89-cde6-4f9d-a220-1e0e95ec212c},{182f2138-e9dc-45b5-82ce-8c81c221bf16},COMPLETED,Deploy to QA,878
solutionsmetrixcrmdev,esl,{bd8cbf6e-2416-4faa-97eb-5372d40dc307},{22e54fb2-8c3c-45ec-96e2-79784e5f9b78},COMPLETED,Deploy to QA,817
solutionsmetrixcrmdev,esl,{052acf62-17eb-46f7-bf00-225a64e0487e},{dcc04bd0-8a01-4e7d-9d79-829fd1661257},COMPLETED,Deploy to QA,527
solutionsmetrixcrmdev,esl,{4dee6444-5a92-442f-b347-7f8b4c696d29},{0e9f7d93-d022-4984-9252-370268737fa4},COMPLETED,Deploy to QA,690
solutionsmetrixcrmdev,esl,{495d3744-0df6-458d-a75b-6bc56a4ad7eb},{974c9c9f-f773-468f-a0c4-e90247ace452},COMPLETED,Deploy to QA,711
solutionsmetrixcrmdev,esl,{804a4cf3-0e27-47f1-8f24-f2a1cc9010ad},{41f8d80f-0577-44b4-ad2d-2ad155a46c37},COMPLETED,Deploy to QA,629
solutionsmetrixcrmdev,esl,{bd39edf4-41b0-4872-8f8e-055209b04156},{93569caf-a16b-402d-90e8-cf19d87f65c3},COMPLETED,Deploy to UAT,656
solutionsmetrixcrmdev,esl,{ea8f6bcf-cf4c-4d11-b77f-7c65ae0f8527},{b0ae45ed-5d92-4052-a946-5062f5e5abf2},COMPLETED,Deploy to QA,528
solutionsmetrixcrmdev,esl,{6ed226bd-258e-4788-ab7a-0242b9b1fd0b},{5a011ac9-dff1-4686-8744-fc7b1862e6a0},COMPLETED,Deploy to UAT,593
solutionsmetrixcrmdev,esl,{41cb08ab-4afc-4858-8540-dd05c01077c4},{468c8d80-2d44-458e-bfbf-cb5c3409f21a},COMPLETED,Deploy to QA,427
solutionsmetrixcrmdev,esl,{f6042a96-dd60-4160-8eeb-d4f2fb8b92f3},{dc947cd2-78d6-47a9-8df2-ebb48b2087ef},COMPLETED,Deploy to UAT,390
solutionsmetrixcrmdev,esl,{90c26d3a-bd83-4331-8c86-9a1e87059995},{e700ebe6-a453-4398-a5d4-753bf48c87e5},COMPLETED,Deploy to QA,651
solutionsmetrixcrmdev,esl,{ea2f4d1c-5b71-46ef-86a2-eb5ad94b3b7e},{d09f075e-9ed8-40a2-a226-e599577d1c82},COMPLETED,Deploy to QA,727
solutionsmetrixcrmdev,esl,{10b80912-7ba6-492f-9532-7896f2aa86bf},{7fff6043-1ac4-4ffe-88fd-12a564d66d6d},COMPLETED,Deploy to QA,712
solutionsmetrixcrmdev,esl,{08f0e722-9dbd-49d8-a24d-8b9f5e1afb94},{754463fb-afd1-40e7-9fbd-bfe5e6ffb1ea},COMPLETED,Deploy to QA,503
solutionsmetrixcrmdev,esl,{79955ff6-3c32-444f-96f9-cad17c4334f4},{5741995e-ad6e-4a21-add1-ac67678850f5},COMPLETED,Deploy to QA,483
solutionsmetrixcrmdev,esl,{6e75beb7-187b-49d4-b703-a0eaf4ad1258},{65703df7-1081-45b6-b205-e6be935bdb5d},COMPLETED,Deploy to QA,541
solutionsmetrixcrmdev,esl,{e7fe062b-c275-4b95-9977-0a06f9c60867},{16f15946-d548-4ab7-ba5a-fbbe55d92e18},COMPLETED,Deploy to QA,571
solutionsmetrixcrmdev,esl,{7bf517cd-6127-4c60-a800-c97911860870},{e44e733a-4e16-413d-b7ea-bb190922d248},PENDING,Deploy to QA,
solutionsmetrixcrmdev,esl,{03bb0923-c671-4b10-a771-08c91efd1ab0},{5c8936b9-29ee-401d-8108-b2e3e2f9e856},COMPLETED,Deploy to QA,776
solutionsmetrixcrmdev,esl,{367b6783-33d0-4759-9a31-ca5e57dd9752},{46bd1edc-0350-4a1a-9fa4-c72a64161bc4},COMPLETED,Deploy to QA,510
solutionsmetrixcrmdev,esl,{0ed87271-bc3c-47da-894b-bf968773d82a},{dd883e70-faaf-49e1-81cb-faadc594b810},COMPLETED,Deploy to UAT,564
solutionsmetrixcrmdev,esl,{8f2eb2cb-e527-4cef-8fa7-237e2be1e752},{5fa72a6e-8f2b-4010-94e3-8dde6c56944b},COMPLETED,Deploy to QA,596
solutionsmetrixcrmdev,esl,{3e97eeb4-18fd-4061-a7e2-ea26f94f61a4},{f16ccd25-cdb9-4baa-a515-5e2b6d4e1177},COMPLETED,Deploy to QA,562
solutionsmetrixcrmdev,esl,{40d8e365-84ab-4f42-b08f-b64926b8b8c4},{054e6e63-2661-48ca-b47b-c9581fe43134},COMPLETED,Deploy to QA,531
solutionsmetrixcrmdev,esl,{514129e1-2618-4496-aa33-5944faac240f},{9988410e-cc2e-4702-b3d8-da88852722b9},PENDING,Deploy to QA,
solutionsmetrixcrmdev,esl,{26f21d20-bfed-41af-99c3-ece763f53288},{92b0e5f7-66eb-4e55-92f9-ddea6b709136},COMPLETED,Deploy to QA,664
solutionsmetrixcrmdev,esl,{7bc76585-03e5-4d8c-9e9b-cfb8d7000237},{21406363-06f5-4701-8a3b-1cdbc3b50ace},COMPLETED,Deploy to QA,642
solutionsmetrixcrmdev,esl,{f380d427-4a57-420f-bdef-0b5f7b1fa35c},{5a889ade-e4d6-4c09-9c8a-412846b1cf1d},COMPLETED,Deploy to QA,457
solutionsmetrixcrmdev,esl,{5237fea5-9008-4973-86fa-b168507c64fd},{da036ece-6cf0-4757-afcb-d7e67085022a},COMPLETED,Deploy to QA,799
solutionsmetrixcrmdev,esl,{bc25513d-9f52-40a7-beae-a7428eabb28a},{78a71837-857b-433e-8b93-02d0d19159e4},COMPLETED,Deploy to QA,549
solutionsmetrixcrmdev,esl,{d391b649-87fd-4ecd-b568-947b32d78447},{0e7b9337-22b8-4904-bfb4-196e461112e1},COMPLETED,Deploy to QA,774
solutionsmetrixcrmdev,esl,{160b74b2-7e65-4cc5-a4fa-a204c6e0ca19},{fbd6bdbb-e70f-41fe-af18-553d68f04456},COMPLETED,Deploy to QA,275
solutionsmetrixcrmdev,esl,{342c8851-ebe3-43d9-9639-6497160f6b8b},{98349f43-ea07-49b3-bf29-e57af1437a51},COMPLETED,Deploy to QA,862
solutionsmetrixcrmdev,esl,{0fea0bb9-f973-460b-9860-be549e5f2af5},{941c2074-c0ea-4741-80a1-da79ac7ada66},COMPLETED,Deploy to QA,559
solutionsmetrixcrmdev,esl,{80ebce25-ceb4-41d4-908a-7717df2ad751},{60c8f754-382b-478f-a631-877d105c6509},COMPLETED,Deploy to QA,592
solutionsmetrixcrmdev,esl,{188332b0-3bff-4020-9fc7-0b72e765a6d5},{8bc1cdb6-7677-4470-b28b-42cbaa6968ba},COMPLETED,Deploy to QA,599
solutionsmetrixcrmdev,esl,{c6f61396-c196-441e-8469-15e415877374},{aa8651e7-f9f5-40af-ad19-10299fa1a2c6},COMPLETED,Deploy to QA,477
solutionsmetrixcrmdev,esl,{3bf90857-90bb-4314-8b3a-8492761cac92},{0228c388-1a92-4af2-a52a-31805ee46306},COMPLETED,Deploy to QA,506
solutionsmetrixcrmdev,esl,{7fc7d4d1-dd2e-4531-849f-e8e0a548b497},{171027c6-940b-4338-8e18-4fb71bc6d46d},COMPLETED,Deploy to QA,541
solutionsmetrixcrmdev,esl,{b050bf4a-4fac-4c23-bb1d-d53b0288968d},{750840d0-fae0-4be2-9f07-6c2ab37157e6},COMPLETED,Deploy to QA,693
solutionsmetrixcrmdev,esl,{e5078cb8-779d-4bd4-a403-733014bf589f},{d1a38cdd-e269-472d-b633-e11d3bffa9c4},COMPLETED,Deploy to QA,652
solutionsmetrixcrmdev,esl,{a07a020a-cfaa-40de-8330-f9ad4af348c9},{04bc7959-bf0b-443e-9caa-74a6e15a7410},COMPLETED,Deploy to QA,951
solutionsmetrixcrmdev,esl,{46dda097-f748-44f9-89c8-c6cb1785facc},{a8446a40-6485-4732-aa17-80cd8640f18d},COMPLETED,Deploy to QA,586
solutionsmetrixcrmdev,esl,{551ffa2f-b2b3-4e98-b9bd-7d0ef12eb1c7},{19bcd03a-0cbe-4cd2-b348-f24c62a5c922},COMPLETED,Deploy to QA,8
solutionsmetrixcrmdev,esl,{13bb05d8-7fb5-4c32-9d0b-36af869a606f},{08455ff2-ae8e-49ee-a7bd-115cc4dc39de},COMPLETED,Deploy to QA,634
solutionsmetrixcrmdev,esl,{5acf2edf-02aa-4526-bf71-576de459a21c},{2dcd75ef-aa2e-4257-b706-db85dfa1633f},COMPLETED,Deploy to UAT,681
solutionsmetrixcrmdev,esl,{eb8c9237-717c-4974-b98a-e133c03d8ed1},{54e22d31-bbd9-4584-a000-ea673135a224},COMPLETED,Deploy to QA,4749
solutionsmetrixcrmdev,esl,{6ee7a69d-49c1-4e95-b2c4-d61cdecdd2e3},{bd7f993c-18b0-4941-92ae-a0a84e8bbbbe},COMPLETED,Deploy to QA,1819
solutionsmetrixcrmdev,esl,{8ca2e112-4b46-4f1e-ac35-b92957e269c6},{532ad052-94c4-42e5-868f-6b88f05b52a1},COMPLETED,Deploy to QA,1345
solutionsmetrixcrmdev,esl,{b654805d-dbb3-462e-b0fb-482dde5baa50},{357f552d-790a-4259-86f2-714522998dc0},COMPLETED,Deploy to UAT,686
solutionsmetrixcrmdev,esl,{cfb9a4a5-e761-4fd6-933c-59fcf9f39333},{abd60ad3-f7e0-4d61-adae-6a87ebe8d121},COMPLETED,Deploy to QA,1922
solutionsmetrixcrmdev,esl,{d069a620-be5a-4d2a-a33b-21c5e16dc799},{c9c2afb5-9ce1-40c8-8ffc-f77df2ced755},COMPLETED,Deploy to QA,7209
solutionsmetrixcrmdev,esl,{a6c91ba8-2b7c-4430-9a7a-fcb70f250c3f},{2e1857f7-7f17-4855-bf9f-ffa051f3cae3},COMPLETED,Deploy to QA,1069
solutionsmetrixcrmdev,esl,{47b6e6c2-e0a1-4476-9db5-17ba84a24f04},{e357eb0b-8435-4cf1-adb6-5c8ac139f42f},COMPLETED,Deploy to QA,649
solutionsmetrixcrmdev,esl,{b4ebe0d4-58a0-416a-8c7d-e87cc4b634b7},{5f6329e1-6239-4f9e-b3ca-9fa09a335318},COMPLETED,Deploy to QA,579
solutionsmetrixcrmdev,esl,{91775843-8473-4aec-a947-d5c0f6562773},{8fc9f716-41fa-4ef6-889a-d0a38a496f36},COMPLETED,Deploy to QA,194
solutionsmetrixcrmdev,esl,{38075082-2d08-493e-aa8a-01db203d82af},{e5cbe026-8947-401a-984f-6cc34ccb705b},COMPLETED,Deploy to QA,589
solutionsmetrixcrmdev,esl,{1d076b81-2426-4b52-b821-30e460b4caf5},{03cc52da-231f-4366-80ee-945ba56ac57a},COMPLETED,Deploy to QA,7
solutionsmetrixcrmdev,esl,{d1146554-d32f-412f-91cc-465dca7f7e5d},{e7046703-3ac4-4836-b0df-162dddef3fd6},COMPLETED,Deploy to QA,477
solutionsmetrixcrmdev,esl,{915749c8-ca97-4828-b489-d04d08ad4166},{78e055b5-2a80-4402-97c5-26cea9a70e4a},COMPLETED,Deploy to QA,611
solutionsmetrixcrmdev,esl,{e3bd39cd-3e99-4c02-8600-baddfcb04151},{e98af86f-d378-46ae-af1a-a6d26f9b2da4},COMPLETED,Deploy to QA,659
solutionsmetrixcrmdev,esl,{f3b577ba-7b73-412a-b967-d393e98b61ce},{e04b96d5-fd2e-42b7-8b76-65b046533139},COMPLETED,Deploy to UAT,682
solutionsmetrixcrmdev,esl,{993bb310-dc55-4095-8509-07af836baaf9},{0f501096-2ee6-4f3c-8bd5-bd0cc76221fd},COMPLETED,Deploy to QA,786
solutionsmetrixcrmdev,esl,{a750f8c4-57d9-4cc1-a250-cc164d38cd33},{e5b553d5-1fcb-4ba6-b2fc-8234915b5b89},COMPLETED,Deploy to QA,747
solutionsmetrixcrmdev,esl,{8f497cf1-7dda-450a-8d65-7b7fbc4934ab},{d799fa7f-6492-49ea-9d4c-a220b28675eb},COMPLETED,Deploy to QA,7
solutionsmetrixcrmdev,esl,{e181754a-f97a-459c-9399-44e3ce2e4f21},{e6b3ff84-2c0c-4e26-9173-6ac10cba8d65},COMPLETED,Deploy to QA,5
solutionsmetrixcrmdev,esl,{8082b877-332e-4a8d-87c1-faddca5b2994},{3ac55a8a-412d-460e-a7a2-47f070601d48},COMPLETED,Deploy to QA,474
solutionsmetrixcrmdev,esl,{4f8d2605-d460-44f5-a64b-15450fd17c35},{811d18d9-e672-43f2-a5b9-a132ff7a0dae},COMPLETED,Deploy to QA,1084
solutionsmetrixcrmdev,esl,{11f8ffd5-a718-4ea2-a033-4e136156b863},{4a0a52de-15b0-4511-82f3-c8fcdd98827b},COMPLETED,Deploy to UAT,687
solutionsmetrixcrmdev,esl,{a55216f2-0512-4190-a229-ea55bce62d19},{4c88b84d-44aa-4374-b5d4-e8c1e5fedb5d},COMPLETED,Deploy to QA,856
solutionsmetrixcrmdev,esl,{c45e5f80-2722-48fe-881d-3e73842e5164},{436dfeb9-6a66-40d3-bbc8-a32e2ed455ad},COMPLETED,Deploy to QA,636
solutionsmetrixcrmdev,esl,{93065164-13f0-455d-93c6-ba538d642bbd},{37753005-b80a-40e3-a34e-98805d75249e},COMPLETED,Deploy to QA,568
solutionsmetrixcrmdev,esl,{a3926fc4-3222-4ee2-8dc8-10a6c1d0aa9a},{8f76996c-71ab-489f-8bf1-d63fe8b588f6},COMPLETED,Deploy to QA,673
solutionsmetrixcrmdev,esl,{a8520b26-5b5b-4948-86c3-8c4124933972},{aec9e432-e4e7-4f44-994b-7f7e9adfab44},COMPLETED,Deploy to QA,605
solutionsmetrixcrmdev,esl,{115c4874-efaa-4932-82a0-0773aa316fd5},{9d24b3cc-5edb-480a-b5fa-cc570ab287ad},COMPLETED,Deploy to QA,0
solutionsmetrixcrmdev,esl,{fa842109-99da-434c-9e89-a59c2e0a02be},{a1376df4-a5b2-4fef-b99e-2eefc7f3ffce},COMPLETED,Deploy to QA,0
solutionsmetrixcrmdev,esl,{6e86ad4d-21da-4b68-9889-e381218eeda1},{90a6560b-7357-4a02-a5b0-a470a0a7db17},COMPLETED,Deploy to QA,0
solutionsmetrixcrmdev,esl,{abe12209-9c8e-4b3a-9874-a60221d8c0e2},{a77a3b1f-19b1-44f9-b686-66744444c26f},COMPLETED,Deploy to QA,0
solutionsmetrixcrmdev,esl,{2601a2f1-011f-4032-995a-22afacc17d99},{fca15704-4a28-46d9-8c85-e54c8f6e0442},COMPLETED,Deploy to QA,469
solutionsmetrixcrmdev,esl,{fdc1cfae-8f3b-4eed-b87e-dd269cfb1145},{3b794c2d-1387-4848-8e88-dbc92a588148},COMPLETED,Deploy to QA,586
solutionsmetrixcrmdev,esl,{375fe635-d790-4afa-912e-d2e69688abd0},{39648314-6aa5-4b20-9d49-c72e13126e3d},COMPLETED,Deploy to UAT,780
solutionsmetrixcrmdev,esl,{90dc0dd7-068b-4692-8f40-0b80be7383db},{ca62c0d7-1fe9-4702-909f-c403454729d9},COMPLETED,Deploy to UAT,516
solutionsmetrixcrmdev,esl,{d6f75700-22a4-4199-87c8-e6ad158010b1},{1af31164-12ba-401b-b329-beb164f457eb},COMPLETED,Deploy to QA,649
solutionsmetrixcrmdev,esl,{c32fcd9b-371f-4a3f-bc01-15c6ccd78eb0},{ae03ffdf-9e48-4f7c-90fc-f5569954ca09},COMPLETED,Deploy to QA,701
solutionsmetrixcrmdev,esl,{3c17be66-d9d7-441a-b6e7-68e82ef13297},{e7ae591f-51f0-4e9a-93d2-bf2182dc4ceb},COMPLETED,Deploy to QA,7205
solutionsmetrixcrmdev,esl,{acbdece6-fd5b-4f59-a1aa-0d3a2586358f},{307da63a-9432-4c99-baa7-5e01567974fc},COMPLETED,Deploy to QA,693
solutionsmetrixcrmdev,esl,{d1ec6f75-c1cc-46ec-a0e3-7292132883a0},{d7020cdb-009e-4ab7-bc33-d9904a41ea8d},COMPLETED,Deploy to QA,932
solutionsmetrixcrmdev,esl,{b321ec33-72c5-419a-95ec-065e8a6aee24},{de416aaf-b43d-4707-9d1c-b12d7620ae34},COMPLETED,Deploy to QA,764
solutionsmetrixcrmdev,esl,{f25d18b7-4576-42fc-ac9c-a23bbcdea1bd},{b3394762-3f01-4536-b284-f20845182d4e},COMPLETED,Deploy to QA,759
solutionsmetrixcrmdev,esl,{898cc1a7-539c-4d42-b99d-7d81010f0d0a},{5de96f28-10ca-4bdb-b34c-18730cce61ff},PENDING,Deploy to QA,
solutionsmetrixcrmdev,esl,{16190c38-1f7e-4882-8bb5-69300a704bdf},{98acb327-4715-402d-9e2f-936afc8bbde3},COMPLETED,Deploy to QA,1065
solutionsmetrixcrmdev,esl,{ba1b64e6-0915-4839-9a44-3337a9906f25},{7bb7d77f-96d9-48b7-8930-5e5f6914ae04},COMPLETED,Deploy to QA,631
solutionsmetrixcrmdev,esl,{a2864311-4143-47f8-97d0-2b86c7cc3a99},{a6d4a725-eb03-424e-8e83-8109ab0b6090},COMPLETED,Deploy to QA,501
solutionsmetrixcrmdev,esl,{5c3b86f6-303d-466f-82f4-063ce28b5cdc},{8564ccc0-224c-4cd4-b895-50ec9985de88},COMPLETED,Deploy to QA,3937
solutionsmetrixcrmdev,esl,{2924465b-52a0-42ab-9393-6d52ef70550b},{3bae59e8-c719-4d93-a259-89fa951e1837},COMPLETED,Deploy to QA,649
solutionsmetrixcrmdev,esl,{6268488b-95ad-4356-86f1-913649b8b283},{40493930-8b42-48d3-8fbe-9866a5cf136d},COMPLETED,Deploy to QA,584
solutionsmetrixcrmdev,esl,{6db472e9-64e5-46b9-b7dc-5f366f70841a},{a2e7da10-f39c-49ad-b67d-fae9d34f9a09},COMPLETED,Deploy to QA,481
solutionsmetrixcrmdev,esl,{8f32e07e-7853-43d1-b7b6-79108cba8110},{4358dfc3-be40-42ef-bffb-b39d71f1bf4d},COMPLETED,Deploy to QA,581
solutionsmetrixcrmdev,esl,{39ad06e2-d1a9-40ec-b1e8-c18a63a130d5},{174eaace-7493-4797-8f1e-a0b1fdd63a62},COMPLETED,Deploy to QA,1338
solutionsmetrixcrmdev,esl,{3bf3a6e1-4229-4f21-b353-fc7697bf47b0},{b58c5deb-7f64-4532-a9d8-47f69094e646},COMPLETED,Deploy to UAT,871
solutionsmetrixcrmdev,esl,{25baa0d0-c92c-4697-9e94-cf88690d9ba3},{8ce3ab41-9a2e-42d7-8935-2d13d088f41d},COMPLETED,Deploy to QA,7205
solutionsmetrixcrmdev,esl,{53656cec-2773-41f8-9fa4-c80ec68dda31},{ef1d6987-8fdc-4191-9027-453a08ecabfb},COMPLETED,Deploy to QA,7205
solutionsmetrixcrmdev,esl,{e7c8dde9-9614-4b95-8201-ebf4e4c0b5b3},{38790405-0572-46f4-9483-832f76846662},COMPLETED,Deploy to QA,0
solutionsmetrixcrmdev,esl,{4e5391ed-a573-4558-b688-748afeae7f6f},{0f69a785-8586-4510-89e6-20ae249b9c2d},COMPLETED,Deploy to QA,269
solutionsmetrixcrmdev,esl,{79904e95-e2ff-4ec1-8437-1d4d5888bdc8},{9fce4ef7-3719-46f7-a0c0-d3d88437d0f5},PENDING,Deploy to QA,
solutionsmetrixcrmdev,esl,{ddff1087-b174-4684-b9dd-62e2d7fa6860},{2050c6a5-cf14-4377-8ddb-28762e486046},PENDING,Deploy to QA,
solutionsmetrixcrmdev,esl,{61bfb384-92ca-4d96-9102-720fb4072b90},{9cf50373-3972-4ba7-a7f5-84e18c2fd3ae},COMPLETED,Deploy to QA,788
solutionsmetrixcrmdev,esl,{a6e239f6-9562-4abd-920f-f3d48441dff6},{c63dd770-dba6-459e-a3f2-8f6c42c17b09},COMPLETED,Deploy to QA,948
solutionsmetrixcrmdev,esl,{de0c50f6-9b87-4548-8957-e828d7b8e68d},{36add088-091b-4327-aa20-5a69052e55d1},COMPLETED,Deploy to QA,590
solutionsmetrixcrmdev,esl,{287a010d-3da5-4125-9548-b1a4de0563d8},{aec59ef7-8e1d-47a0-a05a-36b0598f0412},COMPLETED,Deploy to QA,589
solutionsmetrixcrmdev,esl,{8adec76d-ce65-485a-a890-781acc2fa0ec},{301ee421-486f-4807-9398-e078ed04c89d},COMPLETED,Deploy to QA,623
solutionsmetrixcrmdev,esl,{318acfd0-03cf-44be-a768-5c2eaa1f2eda},{146ca07d-4c87-4e38-b58d-57d0c5bfa2b2},COMPLETED,Deploy to QA,571
solutionsmetrixcrmdev,esl,{ba7bf969-db32-4e8d-a1c2-c86121b90d23},{4c7f46e1-93bc-4d6c-bb0e-c80e92022cbc},COMPLETED,Deploy to QA,695
solutionsmetrixcrmdev,esl,{5fc7b734-ef80-4534-9f6e-f264e898c997},{c1221c82-667b-4b6d-9803-fb53383ad29f},COMPLETED,Deploy to QA,736
solutionsmetrixcrmdev,esl,{9527d588-1577-4660-a698-5cd86d811d7f},{f78c1cf0-5441-4f27-b448-522b85cf33a1},COMPLETED,Deploy to QA,588
solutionsmetrixcrmdev,esl,{a7bae09a-9884-4970-8793-16df8c6637da},{cfdd3a97-0288-40c2-8bf4-a5c9fda3e010},COMPLETED,Deploy to QA,16
solutionsmetrixcrmdev,esl,{7a767220-b249-44f8-8edb-0cbd91cb691d},{48ac88d9-2885-46b3-9538-fc1ff32da449},COMPLETED,Deploy to QA,585
solutionsmetrixcrmdev,esl,{e3b5b675-912d-40a4-b52b-7447c711d159},{a4d9bb52-4c91-40ff-b7b6-e6b5ff4b8fa6},COMPLETED,Deploy to QA,912
solutionsmetrixcrmdev,esl,{365cd911-a3c5-4dd7-9d8c-fa44d7e6d101},{c2c39c3c-7631-468a-be69-b9f9e5dbd50c},COMPLETED,Deploy to QA,685
solutionsmetrixcrmdev,esl,{d74c0e4e-b9a9-426f-9307-354a348d2bc4},{f0025de1-6d94-4417-9471-6c593eb2d9aa},COMPLETED,Deploy to QA,1273
solutionsmetrixcrmdev,esl,{c947bd5f-977d-4f41-b686-aff1aeb52735},{6197730a-5270-4e29-8041-e2b3e53a8296},COMPLETED,Deploy to QA,741
solutionsmetrixcrmdev,esl,{a18f6aba-5a22-45ad-b23e-f447c57a0a13},{c55cf9ed-a603-4b2f-b019-1e5a7dd0cf2d},COMPLETED,Deploy to UAT,1303
solutionsmetrixcrmdev,esl,{84e5c4c8-3348-45bb-9882-2c49c83795ea},{0f5941e3-2ab5-4325-816f-a0f8e9b9f1c5},COMPLETED,Deploy to UAT,396
solutionsmetrixcrmdev,esl,{ff27c0cd-1d41-4c7b-89df-64652f309e5d},{fb826f7e-69ab-4e83-956f-f8363a92d91b},COMPLETED,Deploy to QA,938
solutionsmetrixcrmdev,esl,{87f2a9c9-468b-4982-aa20-7dd323feeec9},{04d0efa3-d5a0-41f7-a324-fc21f609ccb6},COMPLETED,Deploy to QA,743
solutionsmetrixcrmdev,esl,{5269ddd1-e9a0-4288-8934-2c41eac77f53},{aa27ec54-d095-4a14-8409-4dc2a0aa68b9},COMPLETED,Deploy to QA,661
solutionsmetrixcrmdev,esl,{19812c30-7485-4eca-8517-463d081b0a2b},{83f385f1-9348-4ba2-b3aa-b4dfdf0e4f2f},PENDING,Deploy to QA,
solutionsmetrixcrmdev,esl,{8f590dc9-fe38-400b-9cee-7113758c7c52},{819a9f16-f8e3-4b1b-b241-33be5f7df3ea},COMPLETED,Deploy to QA,1208
solutionsmetrixcrmdev,esl,{f245e6b2-6df6-46fc-b4be-d1a57aa52070},{710fcbab-34d2-4a1a-80db-3d03de10ba96},COMPLETED,Deploy to QA,324
solutionsmetrixcrmdev,esl,{de6842f2-1902-4a61-b4e3-2f7bb1a22cef},{cc67c127-85d8-4621-ab59-1f7679fd25a5},COMPLETED,Deploy to QA,782
solutionsmetrixcrmdev,esl,{304bc2aa-c2c8-4b16-ad6c-b734c388c5d3},{0e2980a2-35fd-4c99-be8f-da4043a5758f},COMPLETED,Deploy to QA,354
solutionsmetrixcrmdev,esl,{2289ad22-9fea-4516-a79f-e03250f225c6},{d360655b-6c1a-4389-917f-4a76d6e0b98b},COMPLETED,Deploy to QA,462
solutionsmetrixcrmdev,esl,{34c3a5e1-7773-4be4-9b15-3539705b65b0},{de7e418c-db4e-4ed5-b5fc-68c2dff8e3eb},PENDING,Deploy to QA,
solutionsmetrixcrmdev,esl,{b517691a-3f72-45fe-bcd7-c8de00eded2a},{1a7f1e5c-139a-4eee-aaf0-d5475fae9c5f},COMPLETED,Deploy to QA,782
solutionsmetrixcrmdev,esl,{a68f1c9a-19a7-47bf-be43-221a10126325},{4300c176-a9b7-4254-b5cc-3524868b8668},COMPLETED,Deploy to QA,362
solutionsmetrixcrmdev,esl,{834d02da-600d-4885-b523-ed8d056a51dd},{e38fb5f1-08fc-4b02-9c7c-3f8fef61f30d},COMPLETED,Deploy to QA,461
solutionsmetrixcrmdev,esl,{89ef2f94-1fd5-44e7-b3a4-90db56db3485},{6e589829-8865-4e71-ba92-38ee405b5e67},COMPLETED,Deploy to QA,526
solutionsmetrixcrmdev,esl,{f0bdad92-f1ed-4ef4-a5c0-b86313840027},{c1ae2f19-1f63-4197-ab9d-cfacd09a4331},PENDING,Deploy to QA,
solutionsmetrixcrmdev,esl,{709e5b5b-1ec1-4d14-a852-4786c44e0904},{54f175a2-e16d-45a6-b858-65d15c93fcba},COMPLETED,Deploy to QA,711
solutionsmetrixcrmdev,esl,{adb4c121-7dcb-4d0f-a6d8-f479ecc1534e},{9dbb9cf8-c341-4223-9933-ff538fd0a2be},COMPLETED,Deploy to QA,672
solutionsmetrixcrmdev,esl,{a0a0c754-a599-4a29-bd7a-6b0665a1f1ac},{b4746e97-973b-4b8d-8c96-0e3796da6f31},COMPLETED,Deploy to QA,667
solutionsmetrixcrmdev,esl,{dfa1ce18-4b42-4595-94b7-6717f2038420},{200b5c8f-13ed-4200-bbc0-4042a5cde71a},COMPLETED,Deploy to QA,418
solutionsmetrixcrmdev,esl,{d5f28a52-0be1-479d-854a-bb0b3ab43968},{970ba964-5864-48a7-a61d-00460d9fc388},COMPLETED,Deploy to QA,848
solutionsmetrixcrmdev,esl,{8d1f54d4-7f5d-4680-be45-4345aa22cd21},{580770a8-4ef5-4df6-a26d-2facf0feb7a4},COMPLETED,Deploy to QA,893
solutionsmetrixcrmdev,esl,{9ae8d8e6-fbae-4583-be88-432f5a4b9a28},{123a7ed3-4a52-4426-b867-bea50ebccd01},COMPLETED,Deploy to QA,381
solutionsmetrixcrmdev,esl,{1e7741b8-1d48-40a7-a852-ff95e3362725},{31952025-be69-4d53-8b02-a49af444de26},COMPLETED,Deploy to QA,580
solutionsmetrixcrmdev,esl,{8ba8caca-c662-4bf8-ab01-8a0e5cdb2cae},{cf3a2f70-732d-4d95-8af8-7eac6e898eff},COMPLETED,Deploy to QA,471
solutionsmetrixcrmdev,esl,{c51b51b8-cb99-4218-b77d-5a7a1af3342a},{4cd4208e-984a-4fe5-92c6-7090ab3a16ea},COMPLETED,Deploy to QA,1452
solutionsmetrixcrmdev,esl,{fe627d1a-d8b6-4c79-82f6-fd9ad9ba2251},{39cbd08f-6210-4e21-9afb-8e9aa1563c7f},COMPLETED,Deploy to QA,405
solutionsmetrixcrmdev,esl,{e1b22eb2-ec7c-4622-a0e4-31836ea09923},{71e7a57b-586b-4766-8532-7b56f149a0c6},COMPLETED,Deploy to QA,430
solutionsmetrixcrmdev,esl,{a600eda1-e8d3-4a69-9d7e-a8d33a87f051},{80c036c4-1262-4cd3-b57f-06d33d841273},COMPLETED,Deploy to QA,421
solutionsmetrixcrmdev,esl,{025d283e-e2e3-4dfb-add1-e1057321a1c9},{c40ee173-1b04-4240-92d5-174ab148dd5b},COMPLETED,Deploy to QA,665
solutionsmetrixcrmdev,esl,{59209f80-d5cf-46a8-942f-9b29434656e0},{1755cc0e-5003-4261-a5d9-c13a0a5c5cdd},PENDING,Deploy to QA,
solutionsmetrixcrmdev,esl,{19e6d5ca-aa20-48c6-9525-75341faf781d},{e0b42564-4978-4c2d-96c3-8786f13f5aee},PENDING,Deploy to QA,
solutionsmetrixcrmdev,esl,{78430ae4-7ec4-4f45-8e4b-ce6ee77a6f73},{a1fa595a-ed08-4b01-904a-ac62eeae1299},COMPLETED,Deploy to QA,565
solutionsmetrixcrmdev,esl,{a6f91043-0f33-42e0-9c40-c8a278bff58d},{24b1676d-387e-48cd-b342-8e429bbff3ba},COMPLETED,Deploy to QA,435
solutionsmetrixcrmdev,esl,{c6037a8a-3216-4ac4-9cc2-124552d4bc89},{da012952-504b-4abc-8542-0a12a54a3b73},COMPLETED,Deploy to QA,607
solutionsmetrixcrmdev,esl,{5c2448b2-554e-41cb-9ca1-5d05d89bdda6},{123e0972-9354-44fa-9195-9b480977bea0},COMPLETED,Deploy to QA,694
solutionsmetrixcrmdev,esl,{c78b7f3d-7b0d-4fcd-93e6-52f6364474f8},{c4fd0773-5614-4d0a-bde5-4093c08de9e6},COMPLETED,Deploy to QA,454
solutionsmetrixcrmdev,esl,{0eacc3e0-4cca-44ce-8b60-7ed75b8c36db},{fcd9859c-4c06-4e23-bead-581ba44932ac},COMPLETED,Deploy to UAT,709
solutionsmetrixcrmdev,esl,{b3e7b6a4-4f52-454c-8a08-4330d131a155},{6d04d9f7-f54c-4526-bc64-40045a1b6a6d},COMPLETED,Deploy to QA,568
solutionsmetrixcrmdev,esl,{c4e8fd92-38df-4f59-9727-44c98f89cb66},{bcfcb26f-e670-45fa-9ba6-cfd814770ae3},COMPLETED,Deploy to QA,679
solutionsmetrixcrmdev,esl,{4fab512b-1125-4670-9108-349e1afb9694},{e36279c0-1dca-404f-a1ca-b6801f784ef4},COMPLETED,Deploy to QA,372
solutionsmetrixcrmdev,esl,{bc946c6a-7172-4e21-a750-cdc345511712},{01d0084a-c5ab-400c-8983-7073ccb5c444},COMPLETED,Deploy to QA,468
solutionsmetrixcrmdev,esl,{2014c49b-2604-4e57-bc83-e3073abcc4c0},{a7c884c5-3741-45a9-904b-6e19abb31146},COMPLETED,Deploy to UAT,713
solutionsmetrixcrmdev,esl,{3e29e65e-bf67-489c-bee9-ad737ae925c4},{d7739f05-7d6d-46c4-9026-0cbd913d1e4d},COMPLETED,Deploy to QA,785
solutionsmetrixcrmdev,esl,{977e4a87-b758-4b58-bc13-9843ca72a33e},{a9628cf7-979c-4fc9-86ea-c067970e8f29},COMPLETED,Deploy to QA,496
solutionsmetrixcrmdev,esl,{2c2a95ae-f52e-4f49-9dff-8de42ed3bd19},{23005dcf-79cc-41ab-9a0c-0e33ce33588c},COMPLETED,Deploy to QA,611
solutionsmetrixcrmdev,esl,{499eba05-540e-463c-b8a4-08019b6f8c86},{394b238f-8d1e-4be7-bc20-25fcb012fea4},COMPLETED,Deploy to QA,739
solutionsmetrixcrmdev,esl,{9fd6eb6a-d16d-4daf-8de8-d32c5e64d64b},{cdf390ed-5c10-447f-8fcd-2f938e3e488e},COMPLETED,Deploy to QA,982
solutionsmetrixcrmdev,esl,{2db443e2-3667-43ef-b73c-d29fe45c9359},{6e5fa1ab-7b54-4871-8181-07e3088ef006},COMPLETED,Deploy to QA,712
solutionsmetrixcrmdev,esl,{6174a566-c5af-4f4b-b224-9ae7714a6087},{37ad831a-e75e-43bf-bcef-b477e26cdeac},COMPLETED,Deploy to QA,529
solutionsmetrixcrmdev,esl,{594c0b10-3dd5-428e-b24c-d3cee5dd75dc},{77c4e2aa-c73d-44a8-9b56-17d46eb5e607},COMPLETED,Deploy to QA,657
solutionsmetrixcrmdev,esl,{0adfa1f3-8fba-4b44-ade6-b9d8f7e4a880},{e5d70d07-5a8a-452c-b5c5-f5b82e50343e},COMPLETED,Deploy to QA,531
solutionsmetrixcrmdev,esl,{9010538d-cd7e-4f8c-8502-6e8ab6fc0343},{753638a9-1d2a-4be2-bc0b-4687f7a4c307},COMPLETED,Deploy to QA,732
solutionsmetrixcrmdev,esl,{a707365e-2baf-4dfd-8137-47ef20a28135},{d4f9b416-c534-4cb7-85ba-6eac9d73d417},COMPLETED,Deploy to QA,480
solutionsmetrixcrmdev,esl,{114c5fda-9406-48f8-b784-a64f75e9d799},{fe91b971-46bb-4e3c-9673-52c93f883367},COMPLETED,Deploy to QA,492
solutionsmetrixcrmdev,esl,{c02eb6b9-f947-466d-bd93-ed421df6644c},{f631ba08-dc6e-41b5-82e3-50486a78d6ff},COMPLETED,Deploy to QA,495
solutionsmetrixcrmdev,esl,{13be7685-5332-46f8-b036-5a4148f6474d},{1d1b8256-7118-46b1-a3be-2618f39fb689},COMPLETED,Deploy to QA,545
solutionsmetrixcrmdev,esl,{8705ea06-d456-46be-b75e-d67c915e8244},{32b7c297-ffed-47b4-8d20-35388cb71ada},COMPLETED,Deploy to QA,844
solutionsmetrixcrmdev,esl,{890fb91d-a0eb-40b5-a124-6e76f43bfa8c},{c447026f-44a2-4c1a-aaae-0f7bba80dd3c},COMPLETED,Deploy to QA,404
solutionsmetrixcrmdev,esl,{cc49a33c-340c-4423-a686-3c63012c5d82},{46421c53-28bb-4ce1-afc7-6e51228be6a0},COMPLETED,Deploy to QA,500
solutionsmetrixcrmdev,esl,{eaecd357-3e83-4963-bf50-f393ff6d72e2},{2e0a20ae-4788-426c-926a-d3ffb57d8b19},COMPLETED,Deploy to QA,480
solutionsmetrixcrmdev,esl,{cc2147c2-7463-4d9c-b8d6-e32ae953f2af},{ce19d5b4-c7fc-4d9b-b18a-908f55d5f715},COMPLETED,Deploy to QA,847
solutionsmetrixcrmdev,esl,{f5031bad-ba6f-438b-86e8-fcb191448eaf},{9f4abbb8-95f2-4d43-9729-6fd6b4837c11},COMPLETED,Deploy to QA,829
solutionsmetrixcrmdev,esl,{325aa041-b673-46ef-8c63-3907d4699ea7},{27b8a05c-2bb9-4f45-83f0-0d9a48f9cf50},COMPLETED,Deploy to QA,884
solutionsmetrixcrmdev,esl,{ac5e0cd7-66e7-4e42-b591-4d186aae8d15},{0b2dc848-3daa-4ab9-9659-e296ec129fd0},COMPLETED,Deploy to UAT,879
solutionsmetrixcrmdev,esl,{882ae10d-dc74-4e00-9dd8-1bc676ffe386},{bbeb2fd5-d1e3-4764-89e8-cc1189faddce},COMPLETED,Deploy to QA,753
solutionsmetrixcrmdev,esl,{d8827143-b6e4-4874-aa72-00625296a346},{4a45d24f-afe8-4e59-aa31-21634acf3fe6},COMPLETED,Deploy to QA,386
solutionsmetrixcrmdev,esl,{3d6b5cc6-667e-4d10-ab61-acb1c4d5433f},{dc3983af-8360-478a-bc09-72b68f497957},COMPLETED,Deploy to QA,916
solutionsmetrixcrmdev,esl,{3e4701a8-f50a-4a6d-8812-d5d3c70752d5},{7f1c738e-02d0-4102-983f-6a32f91e9e6e},COMPLETED,Deploy to UAT,809
solutionsmetrixcrmdev,esl,{bb429a03-b106-4b67-84fe-88a0f221f378},{b02c4743-50d3-4911-b347-8d83e4aec3c2},COMPLETED,Deploy to QA,851
solutionsmetrixcrmdev,esl,{46a034ff-3737-47ab-8bfa-a0066b45adf1},{32f60b98-bb41-440b-806e-bd8f6207fa49},COMPLETED,Deploy to QA,1985
solutionsmetrixcrmdev,esl,{08eede7b-4f42-4825-96d6-b7ddf69dcf1d},{624bf497-81c1-4dd0-8f02-995c2a784f9e},COMPLETED,Deploy to QA,448
solutionsmetrixcrmdev,esl,{bb0586f4-6e76-49c6-b99e-fd6879657a4c},{dc6860b8-6007-48c9-b1e9-62cc0187d753},COMPLETED,Deploy to QA,940
solutionsmetrixcrmdev,esl,{d0e68f42-158b-4d48-9c0b-321369949aa4},{ea65da22-bad7-4f44-a768-7d21e423d4bf},COMPLETED,Deploy to QA,536
solutionsmetrixcrmdev,esl,{5f0ae679-e599-4e13-89f4-4680a5781fbf},{8392a50b-0ef5-464e-b1dd-43ab2f2f0f9a},COMPLETED,Deploy to QA,563
solutionsmetrixcrmdev,esl,{6d961f6b-aa40-4f21-9ce5-5607884d5581},{d7d9967b-beef-4315-ba26-c61c7779da4e},COMPLETED,Deploy to UAT,1043
solutionsmetrixcrmdev,esl,{ae8445e2-57da-4684-8966-39b3bbed5ae6},{b250a24a-ecce-430f-b75b-3dc29ac706da},COMPLETED,Deploy to UAT,647
solutionsmetrixcrmdev,esl,{d89d45a8-617b-4bd2-98ad-8ce8f29e7e8a},{2ad0916b-009e-4938-b8c9-2feecae6fbd4},COMPLETED,Deploy to QA,7208
solutionsmetrixcrmdev,esl,{25826866-582b-4d20-ba82-118c09981d49},{34858227-5c34-42a5-8b89-edb0b3a93c86},COMPLETED,Deploy to QA,439
solutionsmetrixcrmdev,esl,{42e0c7d7-eb16-451f-8268-d45a9b094ae6},{929b1345-b3ce-482b-81bd-fd105b868fa3},COMPLETED,Deploy to UAT,576
solutionsmetrixcrmdev,esl,{2074e411-a651-4c54-b5fa-686c666d37ef},{87bd4db0-269e-40c2-bd64-18a7ee7417b4},COMPLETED,Deploy to QA,1696
solutionsmetrixcrmdev,esl,{e643bb89-cde6-4f9d-a220-1e0e95ec212c},{182f2138-e9dc-45b5-82ce-8c81c221bf16},COMPLETED,Deploy to QA,878
solutionsmetrixcrmdev,esl,{bd8cbf6e-2416-4faa-97eb-5372d40dc307},{22e54fb2-8c3c-45ec-96e2-79784e5f9b78},COMPLETED,Deploy to QA,817
solutionsmetrixcrmdev,esl,{052acf62-17eb-46f7-bf00-225a64e0487e},{dcc04bd0-8a01-4e7d-9d79-829fd1661257},COMPLETED,Deploy to QA,527
solutionsmetrixcrmdev,esl,{4dee6444-5a92-442f-b347-7f8b4c696d29},{0e9f7d93-d022-4984-9252-370268737fa4},COMPLETED,Deploy to QA,690
solutionsmetrixcrmdev,esl,{495d3744-0df6-458d-a75b-6bc56a4ad7eb},{974c9c9f-f773-468f-a0c4-e90247ace452},COMPLETED,Deploy to QA,711
solutionsmetrixcrmdev,esl,{804a4cf3-0e27-47f1-8f24-f2a1cc9010ad},{41f8d80f-0577-44b4-ad2d-2ad155a46c37},COMPLETED,Deploy to QA,629
solutionsmetrixcrmdev,esl,{bd39edf4-41b0-4872-8f8e-055209b04156},{93569caf-a16b-402d-90e8-cf19d87f65c3},COMPLETED,Deploy to UAT,656
solutionsmetrixcrmdev,esl,{ea8f6bcf-cf4c-4d11-b77f-7c65ae0f8527},{b0ae45ed-5d92-4052-a946-5062f5e5abf2},COMPLETED,Deploy to QA,528
solutionsmetrixcrmdev,esl,{6ed226bd-258e-4788-ab7a-0242b9b1fd0b},{5a011ac9-dff1-4686-8744-fc7b1862e6a0},COMPLETED,Deploy to UAT,593
solutionsmetrixcrmdev,esl,{41cb08ab-4afc-4858-8540-dd05c01077c4},{468c8d80-2d44-458e-bfbf-cb5c3409f21a},COMPLETED,Deploy to QA,427
solutionsmetrixcrmdev,esl,{f6042a96-dd60-4160-8eeb-d4f2fb8b92f3},{dc947cd2-78d6-47a9-8df2-ebb48b2087ef},COMPLETED,Deploy to UAT,390
solutionsmetrixcrmdev,esl,{90c26d3a-bd83-4331-8c86-9a1e87059995},{e700ebe6-a453-4398-a5d4-753bf48c87e5},COMPLETED,Deploy to QA,651
solutionsmetrixcrmdev,esl,{ea2f4d1c-5b71-46ef-86a2-eb5ad94b3b7e},{d09f075e-9ed8-40a2-a226-e599577d1c82},COMPLETED,Deploy to QA,727
solutionsmetrixcrmdev,esl,{10b80912-7ba6-492f-9532-7896f2aa86bf},{7fff6043-1ac4-4ffe-88fd-12a564d66d6d},COMPLETED,Deploy to QA,712
solutionsmetrixcrmdev,esl,{08f0e722-9dbd-49d8-a24d-8b9f5e1afb94},{754463fb-afd1-40e7-9fbd-bfe5e6ffb1ea},COMPLETED,Deploy to QA,503
solutionsmetrixcrmdev,esl,{79955ff6-3c32-444f-96f9-cad17c4334f4},{5741995e-ad6e-4a21-add1-ac67678850f5},COMPLETED,Deploy to QA,483
solutionsmetrixcrmdev,esl,{6e75beb7-187b-49d4-b703-a0eaf4ad1258},{65703df7-1081-45b6-b205-e6be935bdb5d},COMPLETED,Deploy to QA,541
solutionsmetrixcrmdev,esl,{e7fe062b-c275-4b95-9977-0a06f9c60867},{16f15946-d548-4ab7-ba5a-fbbe55d92e18},COMPLETED,Deploy to QA,571
solutionsmetrixcrmdev,esl,{7bf517cd-6127-4c60-a800-c97911860870},{e44e733a-4e16-413d-b7ea-bb190922d248},PENDING,Deploy to QA,
solutionsmetrixcrmdev,esl,{03bb0923-c671-4b10-a771-08c91efd1ab0},{5c8936b9-29ee-401d-8108-b2e3e2f9e856},COMPLETED,Deploy to QA,776
solutionsmetrixcrmdev,esl,{367b6783-33d0-4759-9a31-ca5e57dd9752},{46bd1edc-0350-4a1a-9fa4-c72a64161bc4},COMPLETED,Deploy to QA,510
solutionsmetrixcrmdev,esl,{0ed87271-bc3c-47da-894b-bf968773d82a},{dd883e70-faaf-49e1-81cb-faadc594b810},COMPLETED,Deploy to UAT,564
solutionsmetrixcrmdev,esl,{8f2eb2cb-e527-4cef-8fa7-237e2be1e752},{5fa72a6e-8f2b-4010-94e3-8dde6c56944b},COMPLETED,Deploy to QA,596
solutionsmetrixcrmdev,esl,{3e97eeb4-18fd-4061-a7e2-ea26f94f61a4},{f16ccd25-cdb9-4baa-a515-5e2b6d4e1177},COMPLETED,Deploy to QA,562
solutionsmetrixcrmdev,esl,{40d8e365-84ab-4f42-b08f-b64926b8b8c4},{054e6e63-2661-48ca-b47b-c9581fe43134},COMPLETED,Deploy to QA,531
solutionsmetrixcrmdev,esl,{514129e1-2618-4496-aa33-5944faac240f},{9988410e-cc2e-4702-b3d8-da88852722b9},PENDING,Deploy to QA,
solutionsmetrixcrmdev,esl,{26f21d20-bfed-41af-99c3-ece763f53288},{92b0e5f7-66eb-4e55-92f9-ddea6b709136},COMPLETED,Deploy to QA,664
solutionsmetrixcrmdev,esl,{7bc76585-03e5-4d8c-9e9b-cfb8d7000237},{21406363-06f5-4701-8a3b-1cdbc3b50ace},COMPLETED,Deploy to QA,642
solutionsmetrixcrmdev,esl,{f380d427-4a57-420f-bdef-0b5f7b1fa35c},{5a889ade-e4d6-4c09-9c8a-412846b1cf1d},COMPLETED,Deploy to QA,457
solutionsmetrixcrmdev,esl,{5237fea5-9008-4973-86fa-b168507c64fd},{da036ece-6cf0-4757-afcb-d7e67085022a},COMPLETED,Deploy to QA,799
solutionsmetrixcrmdev,esl,{bc25513d-9f52-40a7-beae-a7428eabb28a},{78a71837-857b-433e-8b93-02d0d19159e4},COMPLETED,Deploy to QA,549
solutionsmetrixcrmdev,esl,{d391b649-87fd-4ecd-b568-947b32d78447},{0e7b9337-22b8-4904-bfb4-196e461112e1},COMPLETED,Deploy to QA,774
solutionsmetrixcrmdev,esl,{160b74b2-7e65-4cc5-a4fa-a204c6e0ca19},{fbd6bdbb-e70f-41fe-af18-553d68f04456},COMPLETED,Deploy to QA,275
solutionsmetrixcrmdev,esl,{342c8851-ebe3-43d9-9639-6497160f6b8b},{98349f43-ea07-49b3-bf29-e57af1437a51},COMPLETED,Deploy to QA,862
solutionsmetrixcrmdev,esl,{0fea0bb9-f973-460b-9860-be549e5f2af5},{941c2074-c0ea-4741-80a1-da79ac7ada66},COMPLETED,Deploy to QA,559
solutionsmetrixcrmdev,esl,{80ebce25-ceb4-41d4-908a-7717df2ad751},{60c8f754-382b-478f-a631-877d105c6509},COMPLETED,Deploy to QA,592
solutionsmetrixcrmdev,esl,{188332b0-3bff-4020-9fc7-0b72e765a6d5},{8bc1cdb6-7677-4470-b28b-42cbaa6968ba},COMPLETED,Deploy to QA,599
solutionsmetrixcrmdev,esl,{c6f61396-c196-441e-8469-15e415877374},{aa8651e7-f9f5-40af-ad19-10299fa1a2c6},COMPLETED,Deploy to QA,477
solutionsmetrixcrmdev,esl,{3bf90857-90bb-4314-8b3a-8492761cac92},{0228c388-1a92-4af2-a52a-31805ee46306},COMPLETED,Deploy to QA,506
solutionsmetrixcrmdev,esl,{7fc7d4d1-dd2e-4531-849f-e8e0a548b497},{171027c6-940b-4338-8e18-4fb71bc6d46d},COMPLETED,Deploy to QA,541
solutionsmetrixcrmdev,esl,{b050bf4a-4fac-4c23-bb1d-d53b0288968d},{750840d0-fae0-4be2-9f07-6c2ab37157e6},COMPLETED,Deploy to QA,693
solutionsmetrixcrmdev,esl,{e5078cb8-779d-4bd4-a403-733014bf589f},{d1a38cdd-e269-472d-b633-e11d3bffa9c4},COMPLETED,Deploy to QA,652
solutionsmetrixcrmdev,esl,{a07a020a-cfaa-40de-8330-f9ad4af348c9},{04bc7959-bf0b-443e-9caa-74a6e15a7410},COMPLETED,Deploy to QA,951
solutionsmetrixcrmdev,esl,{46dda097-f748-44f9-89c8-c6cb1785facc},{a8446a40-6485-4732-aa17-80cd8640f18d},COMPLETED,Deploy to QA,586
solutionsmetrixcrmdev,esl,{551ffa2f-b2b3-4e98-b9bd-7d0ef12eb1c7},{19bcd03a-0cbe-4cd2-b348-f24c62a5c922},COMPLETED,Deploy to QA,8
solutionsmetrixcrmdev,esl,{13bb05d8-7fb5-4c32-9d0b-36af869a606f},{08455ff2-ae8e-49ee-a7bd-115cc4dc39de},COMPLETED,Deploy to QA,634
solutionsmetrixcrmdev,esl,{5acf2edf-02aa-4526-bf71-576de459a21c},{2dcd75ef-aa2e-4257-b706-db85dfa1633f},COMPLETED,Deploy to UAT,681
solutionsmetrixcrmdev,esl,{eb8c9237-717c-4974-b98a-e133c03d8ed1},{54e22d31-bbd9-4584-a000-ea673135a224},COMPLETED,Deploy to QA,4749
solutionsmetrixcrmdev,esl,{6ee7a69d-49c1-4e95-b2c4-d61cdecdd2e3},{bd7f993c-18b0-4941-92ae-a0a84e8bbbbe},COMPLETED,Deploy to QA,1819
solutionsmetrixcrmdev,esl,{8ca2e112-4b46-4f1e-ac35-b92957e269c6},{532ad052-94c4-42e5-868f-6b88f05b52a1},COMPLETED,Deploy to QA,1345
solutionsmetrixcrmdev,esl,{b654805d-dbb3-462e-b0fb-482dde5baa50},{357f552d-790a-4259-86f2-714522998dc0},COMPLETED,Deploy to UAT,686
solutionsmetrixcrmdev,esl,{cfb9a4a5-e761-4fd6-933c-59fcf9f39333},{abd60ad3-f7e0-4d61-adae-6a87ebe8d121},COMPLETED,Deploy to QA,1922
solutionsmetrixcrmdev,esl,{d069a620-be5a-4d2a-a33b-21c5e16dc799},{c9c2afb5-9ce1-40c8-8ffc-f77df2ced755},COMPLETED,Deploy to QA,7209
solutionsmetrixcrmdev,esl,{a6c91ba8-2b7c-4430-9a7a-fcb70f250c3f},{2e1857f7-7f17-4855-bf9f-ffa051f3cae3},COMPLETED,Deploy to QA,1069
solutionsmetrixcrmdev,esl,{47b6e6c2-e0a1-4476-9db5-17ba84a24f04},{e357eb0b-8435-4cf1-adb6-5c8ac139f42f},COMPLETED,Deploy to QA,649
solutionsmetrixcrmdev,esl,{b4ebe0d4-58a0-416a-8c7d-e87cc4b634b7},{5f6329e1-6239-4f9e-b3ca-9fa09a335318},COMPLETED,Deploy to QA,579
solutionsmetrixcrmdev,esl,{91775843-8473-4aec-a947-d5c0f6562773},{8fc9f716-41fa-4ef6-889a-d0a38a496f36},COMPLETED,Deploy to QA,194
solutionsmetrixcrmdev,esl,{38075082-2d08-493e-aa8a-01db203d82af},{e5cbe026-8947-401a-984f-6cc34ccb705b},COMPLETED,Deploy to QA,589
solutionsmetrixcrmdev,esl,{1d076b81-2426-4b52-b821-30e460b4caf5},{03cc52da-231f-4366-80ee-945ba56ac57a},COMPLETED,Deploy to QA,7
solutionsmetrixcrmdev,esl,{d1146554-d32f-412f-91cc-465dca7f7e5d},{e7046703-3ac4-4836-b0df-162dddef3fd6},COMPLETED,Deploy to QA,477
solutionsmetrixcrmdev,esl,{915749c8-ca97-4828-b489-d04d08ad4166},{78e055b5-2a80-4402-97c5-26cea9a70e4a},COMPLETED,Deploy to QA,611
solutionsmetrixcrmdev,esl,{e3bd39cd-3e99-4c02-8600-baddfcb04151},{e98af86f-d378-46ae-af1a-a6d26f9b2da4},COMPLETED,Deploy to QA,659
solutionsmetrixcrmdev,esl,{f3b577ba-7b73-412a-b967-d393e98b61ce},{e04b96d5-fd2e-42b7-8b76-65b046533139},COMPLETED,Deploy to UAT,682
solutionsmetrixcrmdev,esl,{993bb310-dc55-4095-8509-07af836baaf9},{0f501096-2ee6-4f3c-8bd5-bd0cc76221fd},COMPLETED,Deploy to QA,786
solutionsmetrixcrmdev,esl,{a750f8c4-57d9-4cc1-a250-cc164d38cd33},{e5b553d5-1fcb-4ba6-b2fc-8234915b5b89},COMPLETED,Deploy to QA,747
solutionsmetrixcrmdev,esl,{8f497cf1-7dda-450a-8d65-7b7fbc4934ab},{d799fa7f-6492-49ea-9d4c-a220b28675eb},COMPLETED,Deploy to QA,7
solutionsmetrixcrmdev,esl,{e181754a-f97a-459c-9399-44e3ce2e4f21},{e6b3ff84-2c0c-4e26-9173-6ac10cba8d65},COMPLETED,Deploy to QA,5
solutionsmetrixcrmdev,esl,{8082b877-332e-4a8d-87c1-faddca5b2994},{3ac55a8a-412d-460e-a7a2-47f070601d48},COMPLETED,Deploy to QA,474
solutionsmetrixcrmdev,esl,{4f8d2605-d460-44f5-a64b-15450fd17c35},{811d18d9-e672-43f2-a5b9-a132ff7a0dae},COMPLETED,Deploy to QA,1084
solutionsmetrixcrmdev,esl,{11f8ffd5-a718-4ea2-a033-4e136156b863},{4a0a52de-15b0-4511-82f3-c8fcdd98827b},COMPLETED,Deploy to UAT,687
solutionsmetrixcrmdev,esl,{a55216f2-0512-4190-a229-ea55bce62d19},{4c88b84d-44aa-4374-b5d4-e8c1e5fedb5d},COMPLETED,Deploy to QA,856
solutionsmetrixcrmdev,esl,{c45e5f80-2722-48fe-881d-3e73842e5164},{436dfeb9-6a66-40d3-bbc8-a32e2ed455ad},COMPLETED,Deploy to QA,636
solutionsmetrixcrmdev,esl,{93065164-13f0-455d-93c6-ba538d642bbd},{37753005-b80a-40e3-a34e-98805d75249e},COMPLETED,Deploy to QA,568
solutionsmetrixcrmdev,esl,{a3926fc4-3222-4ee2-8dc8-10a6c1d0aa9a},{8f76996c-71ab-489f-8bf1-d63fe8b588f6},COMPLETED,Deploy to QA,673
solutionsmetrixcrmdev,esl,{a8520b26-5b5b-4948-86c3-8c4124933972},{aec9e432-e4e7-4f44-994b-7f7e9adfab44},COMPLETED,Deploy to QA,605
solutionsmetrixcrmdev,esl,{115c4874-efaa-4932-82a0-0773aa316fd5},{9d24b3cc-5edb-480a-b5fa-cc570ab287ad},COMPLETED,Deploy to QA,0
solutionsmetrixcrmdev,esl,{fa842109-99da-434c-9e89-a59c2e0a02be},{a1376df4-a5b2-4fef-b99e-2eefc7f3ffce},COMPLETED,Deploy to QA,0
solutionsmetrixcrmdev,esl,{6e86ad4d-21da-4b68-9889-e381218eeda1},{90a6560b-7357-4a02-a5b0-a470a0a7db17},COMPLETED,Deploy to QA,0
solutionsmetrixcrmdev,esl,{abe12209-9c8e-4b3a-9874-a60221d8c0e2},{a77a3b1f-19b1-44f9-b686-66744444c26f},COMPLETED,Deploy to QA,0
solutionsmetrixcrmdev,esl,{2601a2f1-011f-4032-995a-22afacc17d99},{fca15704-4a28-46d9-8c85-e54c8f6e0442},COMPLETED,Deploy to QA,469
solutionsmetrixcrmdev,esl,{fdc1cfae-8f3b-4eed-b87e-dd269cfb1145},{3b794c2d-1387-4848-8e88-dbc92a588148},COMPLETED,Deploy to QA,586
solutionsmetrixcrmdev,esl,{375fe635-d790-4afa-912e-d2e69688abd0},{39648314-6aa5-4b20-9d49-c72e13126e3d},COMPLETED,Deploy to UAT,780
solutionsmetrixcrmdev,esl,{90dc0dd7-068b-4692-8f40-0b80be7383db},{ca62c0d7-1fe9-4702-909f-c403454729d9},COMPLETED,Deploy to UAT,516
solutionsmetrixcrmdev,esl,{d6f75700-22a4-4199-87c8-e6ad158010b1},{1af31164-12ba-401b-b329-beb164f457eb},COMPLETED,Deploy to QA,649
solutionsmetrixcrmdev,esl,{c32fcd9b-371f-4a3f-bc01-15c6ccd78eb0},{ae03ffdf-9e48-4f7c-90fc-f5569954ca09},COMPLETED,Deploy to QA,701
solutionsmetrixcrmdev,esl,{3c17be66-d9d7-441a-b6e7-68e82ef13297},{e7ae591f-51f0-4e9a-93d2-bf2182dc4ceb},COMPLETED,Deploy to QA,7205
solutionsmetrixcrmdev,esl,{acbdece6-fd5b-4f59-a1aa-0d3a2586358f},{307da63a-9432-4c99-baa7-5e01567974fc},COMPLETED,Deploy to QA,693
solutionsmetrixcrmdev,esl,{d1ec6f75-c1cc-46ec-a0e3-7292132883a0},{d7020cdb-009e-4ab7-bc33-d9904a41ea8d},COMPLETED,Deploy to QA,932
solutionsmetrixcrmdev,esl,{b321ec33-72c5-419a-95ec-065e8a6aee24},{de416aaf-b43d-4707-9d1c-b12d7620ae34},COMPLETED,Deploy to QA,764
solutionsmetrixcrmdev,esl,{f25d18b7-4576-42fc-ac9c-a23bbcdea1bd},{b3394762-3f01-4536-b284-f20845182d4e},COMPLETED,Deploy to QA,759
solutionsmetrixcrmdev,esl,{898cc1a7-539c-4d42-b99d-7d81010f0d0a},{5de96f28-10ca-4bdb-b34c-18730cce61ff},PENDING,Deploy to QA,
solutionsmetrixcrmdev,esl,{16190c38-1f7e-4882-8bb5-69300a704bdf},{98acb327-4715-402d-9e2f-936afc8bbde3},COMPLETED,Deploy to QA,1065
solutionsmetrixcrmdev,esl,{ba1b64e6-0915-4839-9a44-3337a9906f25},{7bb7d77f-96d9-48b7-8930-5e5f6914ae04},COMPLETED,Deploy to QA,631
solutionsmetrixcrmdev,esl,{a2864311-4143-47f8-97d0-2b86c7cc3a99},{a6d4a725-eb03-424e-8e83-8109ab0b6090},COMPLETED,Deploy to QA,501
solutionsmetrixcrmdev,esl,{5c3b86f6-303d-466f-82f4-063ce28b5cdc},{8564ccc0-224c-4cd4-b895-50ec9985de88},COMPLETED,Deploy to QA,3937
solutionsmetrixcrmdev,esl,{2924465b-52a0-42ab-9393-6d52ef70550b},{3bae59e8-c719-4d93-a259-89fa951e1837},COMPLETED,Deploy to QA,649
solutionsmetrixcrmdev,esl,{6268488b-95ad-4356-86f1-913649b8b283},{40493930-8b42-48d3-8fbe-9866a5cf136d},COMPLETED,Deploy to QA,584
solutionsmetrixcrmdev,esl,{6db472e9-64e5-46b9-b7dc-5f366f70841a},{a2e7da10-f39c-49ad-b67d-fae9d34f9a09},COMPLETED,Deploy to QA,481
solutionsmetrixcrmdev,esl,{8f32e07e-7853-43d1-b7b6-79108cba8110},{4358dfc3-be40-42ef-bffb-b39d71f1bf4d},COMPLETED,Deploy to QA,581
solutionsmetrixcrmdev,esl,{39ad06e2-d1a9-40ec-b1e8-c18a63a130d5},{174eaace-7493-4797-8f1e-a0b1fdd63a62},COMPLETED,Deploy to QA,1338
solutionsmetrixcrmdev,esl,{3bf3a6e1-4229-4f21-b353-fc7697bf47b0},{b58c5deb-7f64-4532-a9d8-47f69094e646},COMPLETED,Deploy to UAT,871
solutionsmetrixcrmdev,esl,{25baa0d0-c92c-4697-9e94-cf88690d9ba3},{8ce3ab41-9a2e-42d7-8935-2d13d088f41d},COMPLETED,Deploy to QA,7205
solutionsmetrixcrmdev,esl,{53656cec-2773-41f8-9fa4-c80ec68dda31},{ef1d6987-8fdc-4191-9027-453a08ecabfb},COMPLETED,Deploy to QA,7205
solutionsmetrixcrmdev,esl,{e7c8dde9-9614-4b95-8201-ebf4e4c0b5b3},{38790405-0572-46f4-9483-832f76846662},COMPLETED,Deploy to QA,0
solutionsmetrixcrmdev,esl,{4e5391ed-a573-4558-b688-748afeae7f6f},{0f69a785-8586-4510-89e6-20ae249b9c2d},COMPLETED,Deploy to QA,269
solutionsmetrixcrmdev,esl,{79904e95-e2ff-4ec1-8437-1d4d5888bdc8},{9fce4ef7-3719-46f7-a0c0-d3d88437d0f5},PENDING,Deploy to QA,
solutionsmetrixcrmdev,esl,{ddff1087-b174-4684-b9dd-62e2d7fa6860},{2050c6a5-cf14-4377-8ddb-28762e486046},PENDING,Deploy to QA,
solutionsmetrixcrmdev,esl,{61bfb384-92ca-4d96-9102-720fb4072b90},{9cf50373-3972-4ba7-a7f5-84e18c2fd3ae},COMPLETED,Deploy to QA,788
solutionsmetrixcrmdev,esl,{a6e239f6-9562-4abd-920f-f3d48441dff6},{c63dd770-dba6-459e-a3f2-8f6c42c17b09},COMPLETED,Deploy to QA,948
solutionsmetrixcrmdev,esl,{de0c50f6-9b87-4548-8957-e828d7b8e68d},{36add088-091b-4327-aa20-5a69052e55d1},COMPLETED,Deploy to QA,590
solutionsmetrixcrmdev,esl,{287a010d-3da5-4125-9548-b1a4de0563d8},{aec59ef7-8e1d-47a0-a05a-36b0598f0412},COMPLETED,Deploy to QA,589
solutionsmetrixcrmdev,esl,{8adec76d-ce65-485a-a890-781acc2fa0ec},{301ee421-486f-4807-9398-e078ed04c89d},COMPLETED,Deploy to QA,623
solutionsmetrixcrmdev,esl,{318acfd0-03cf-44be-a768-5c2eaa1f2eda},{146ca07d-4c87-4e38-b58d-57d0c5bfa2b2},COMPLETED,Deploy to QA,571
solutionsmetrixcrmdev,esl,{ba7bf969-db32-4e8d-a1c2-c86121b90d23},{4c7f46e1-93bc-4d6c-bb0e-c80e92022cbc},COMPLETED,Deploy to QA,695
solutionsmetrixcrmdev,esl,{5fc7b734-ef80-4534-9f6e-f264e898c997},{c1221c82-667b-4b6d-9803-fb53383ad29f},COMPLETED,Deploy to QA,736
solutionsmetrixcrmdev,esl,{9527d588-1577-4660-a698-5cd86d811d7f},{f78c1cf0-5441-4f27-b448-522b85cf33a1},COMPLETED,Deploy to QA,588
solutionsmetrixcrmdev,esl,{a7bae09a-9884-4970-8793-16df8c6637da},{cfdd3a97-0288-40c2-8bf4-a5c9fda3e010},COMPLETED,Deploy to QA,16
solutionsmetrixcrmdev,esl,{7a767220-b249-44f8-8edb-0cbd91cb691d},{48ac88d9-2885-46b3-9538-fc1ff32da449},COMPLETED,Deploy to QA,585
solutionsmetrixcrmdev,esl,{e3b5b675-912d-40a4-b52b-7447c711d159},{a4d9bb52-4c91-40ff-b7b6-e6b5ff4b8fa6},COMPLETED,Deploy to QA,912
solutionsmetrixcrmdev,esl,{365cd911-a3c5-4dd7-9d8c-fa44d7e6d101},{c2c39c3c-7631-468a-be69-b9f9e5dbd50c},COMPLETED,Deploy to QA,685
solutionsmetrixcrmdev,esl,{d74c0e4e-b9a9-426f-9307-354a348d2bc4},{f0025de1-6d94-4417-9471-6c593eb2d9aa},COMPLETED,Deploy to QA,1273
solutionsmetrixcrmdev,esl,{c947bd5f-977d-4f41-b686-aff1aeb52735},{6197730a-5270-4e29-8041-e2b3e53a8296},COMPLETED,Deploy to QA,741
solutionsmetrixcrmdev,esl,{a18f6aba-5a22-45ad-b23e-f447c57a0a13},{c55cf9ed-a603-4b2f-b019-1e5a7dd0cf2d},COMPLETED,Deploy to UAT,1303
solutionsmetrixcrmdev,esl,{84e5c4c8-3348-45bb-9882-2c49c83795ea},{0f5941e3-2ab5-4325-816f-a0f8e9b9f1c5},COMPLETED,Deploy to UAT,396
solutionsmetrixcrmdev,esl,{ff27c0cd-1d41-4c7b-89df-64652f309e5d},{fb826f7e-69ab-4e83-956f-f8363a92d91b},COMPLETED,Deploy to QA,938
solutionsmetrixcrmdev,esl,{87f2a9c9-468b-4982-aa20-7dd323feeec9},{04d0efa3-d5a0-41f7-a324-fc21f609ccb6},COMPLETED,Deploy to QA,743
solutionsmetrixcrmdev,esl,{5269ddd1-e9a0-4288-8934-2c41eac77f53},{aa27ec54-d095-4a14-8409-4dc2a0aa68b9},COMPLETED,Deploy to QA,661
solutionsmetrixcrmdev,esl,{19812c30-7485-4eca-8517-463d081b0a2b},{83f385f1-9348-4ba2-b3aa-b4dfdf0e4f2f},PENDING,Deploy to QA,
solutionsmetrixcrmdev,esl,{8f590dc9-fe38-400b-9cee-7113758c7c52},{819a9f16-f8e3-4b1b-b241-33be5f7df3ea},COMPLETED,Deploy to QA,1208
solutionsmetrixcrmdev,esl,{f245e6b2-6df6-46fc-b4be-d1a57aa52070},{710fcbab-34d2-4a1a-80db-3d03de10ba96},COMPLETED,Deploy to QA,324
solutionsmetrixcrmdev,esl,{de6842f2-1902-4a61-b4e3-2f7bb1a22cef},{cc67c127-85d8-4621-ab59-1f7679fd25a5},COMPLETED,Deploy to QA,782
solutionsmetrixcrmdev,esl,{304bc2aa-c2c8-4b16-ad6c-b734c388c5d3},{0e2980a2-35fd-4c99-be8f-da4043a5758f},COMPLETED,Deploy to QA,354
solutionsmetrixcrmdev,esl,{2289ad22-9fea-4516-a79f-e03250f225c6},{d360655b-6c1a-4389-917f-4a76d6e0b98b},COMPLETED,Deploy to QA,462
solutionsmetrixcrmdev,esl,{34c3a5e1-7773-4be4-9b15-3539705b65b0},{de7e418c-db4e-4ed5-b5fc-68c2dff8e3eb},PENDING,Deploy to QA,
solutionsmetrixcrmdev,esl,{b517691a-3f72-45fe-bcd7-c8de00eded2a},{1a7f1e5c-139a-4eee-aaf0-d5475fae9c5f},COMPLETED,Deploy to QA,782
solutionsmetrixcrmdev,esl,{a68f1c9a-19a7-47bf-be43-221a10126325},{4300c176-a9b7-4254-b5cc-3524868b8668},COMPLETED,Deploy to QA,362
solutionsmetrixcrmdev,esl,{834d02da-600d-4885-b523-ed8d056a51dd},{e38fb5f1-08fc-4b02-9c7c-3f8fef61f30d},COMPLETED,Deploy to QA,461
solutionsmetrixcrmdev,esl,{89ef2f94-1fd5-44e7-b3a4-90db56db3485},{6e589829-8865-4e71-ba92-38ee405b5e67},COMPLETED,Deploy to QA,526
solutionsmetrixcrmdev,esl,{f0bdad92-f1ed-4ef4-a5c0-b86313840027},{c1ae2f19-1f63-4197-ab9d-cfacd09a4331},PENDING,Deploy to QA,
solutionsmetrixcrmdev,esl,{709e5b5b-1ec1-4d14-a852-4786c44e0904},{54f175a2-e16d-45a6-b858-65d15c93fcba},COMPLETED,Deploy to QA,711
solutionsmetrixcrmdev,esl,{adb4c121-7dcb-4d0f-a6d8-f479ecc1534e},{9dbb9cf8-c341-4223-9933-ff538fd0a2be},COMPLETED,Deploy to QA,672
solutionsmetrixcrmdev,esl,{a0a0c754-a599-4a29-bd7a-6b0665a1f1ac},{b4746e97-973b-4b8d-8c96-0e3796da6f31},COMPLETED,Deploy to QA,667
solutionsmetrixcrmdev,esl,{dfa1ce18-4b42-4595-94b7-6717f2038420},{200b5c8f-13ed-4200-bbc0-4042a5cde71a},COMPLETED,Deploy to QA,418
solutionsmetrixcrmdev,esl,{d5f28a52-0be1-479d-854a-bb0b3ab43968},{970ba964-5864-48a7-a61d-00460d9fc388},COMPLETED,Deploy to QA,848
solutionsmetrixcrmdev,esl,{8d1f54d4-7f5d-4680-be45-4345aa22cd21},{580770a8-4ef5-4df6-a26d-2facf0feb7a4},COMPLETED,Deploy to QA,893
solutionsmetrixcrmdev,esl,{9ae8d8e6-fbae-4583-be88-432f5a4b9a28},{123a7ed3-4a52-4426-b867-bea50ebccd01},COMPLETED,Deploy to QA,381
solutionsmetrixcrmdev,esl,{1e7741b8-1d48-40a7-a852-ff95e3362725},{31952025-be69-4d53-8b02-a49af444de26},COMPLETED,Deploy to QA,580
solutionsmetrixcrmdev,esl,{8ba8caca-c662-4bf8-ab01-8a0e5cdb2cae},{cf3a2f70-732d-4d95-8af8-7eac6e898eff},COMPLETED,Deploy to QA,471
solutionsmetrixcrmdev,esl,{c51b51b8-cb99-4218-b77d-5a7a1af3342a},{4cd4208e-984a-4fe5-92c6-7090ab3a16ea},COMPLETED,Deploy to QA,1452
solutionsmetrixcrmdev,esl,{fe627d1a-d8b6-4c79-82f6-fd9ad9ba2251},{39cbd08f-6210-4e21-9afb-8e9aa1563c7f},COMPLETED,Deploy to QA,405
solutionsmetrixcrmdev,esl,{e1b22eb2-ec7c-4622-a0e4-31836ea09923},{71e7a57b-586b-4766-8532-7b56f149a0c6},COMPLETED,Deploy to QA,430
solutionsmetrixcrmdev,esl,{a600eda1-e8d3-4a69-9d7e-a8d33a87f051},{80c036c4-1262-4cd3-b57f-06d33d841273},COMPLETED,Deploy to QA,421
solutionsmetrixcrmdev,esl,{025d283e-e2e3-4dfb-add1-e1057321a1c9},{c40ee173-1b04-4240-92d5-174ab148dd5b},COMPLETED,Deploy to QA,665
solutionsmetrixcrmdev,esl,{59209f80-d5cf-46a8-942f-9b29434656e0},{1755cc0e-5003-4261-a5d9-c13a0a5c5cdd},PENDING,Deploy to QA,
solutionsmetrixcrmdev,esl,{19e6d5ca-aa20-48c6-9525-75341faf781d},{e0b42564-4978-4c2d-96c3-8786f13f5aee},PENDING,Deploy to QA,
solutionsmetrixcrmdev,esl,{78430ae4-7ec4-4f45-8e4b-ce6ee77a6f73},{a1fa595a-ed08-4b01-904a-ac62eeae1299},COMPLETED,Deploy to QA,565
solutionsmetrixcrmdev,esl,{a6f91043-0f33-42e0-9c40-c8a278bff58d},{24b1676d-387e-48cd-b342-8e429bbff3ba},COMPLETED,Deploy to QA,435
solutionsmetrixcrmdev,esl,{c6037a8a-3216-4ac4-9cc2-124552d4bc89},{da012952-504b-4abc-8542-0a12a54a3b73},COMPLETED,Deploy to QA,607
solutionsmetrixcrmdev,esl,{5c2448b2-554e-41cb-9ca1-5d05d89bdda6},{123e0972-9354-44fa-9195-9b480977bea0},COMPLETED,Deploy to QA,694
solutionsmetrixcrmdev,esl,{c78b7f3d-7b0d-4fcd-93e6-52f6364474f8},{c4fd0773-5614-4d0a-bde5-4093c08de9e6},COMPLETED,Deploy to QA,454
solutionsmetrixcrmdev,esl,{0eacc3e0-4cca-44ce-8b60-7ed75b8c36db},{fcd9859c-4c06-4e23-bead-581ba44932ac},COMPLETED,Deploy to UAT,709
solutionsmetrixcrmdev,esl,{b3e7b6a4-4f52-454c-8a08-4330d131a155},{6d04d9f7-f54c-4526-bc64-40045a1b6a6d},COMPLETED,Deploy to QA,568
solutionsmetrixcrmdev,esl,{c4e8fd92-38df-4f59-9727-44c98f89cb66},{bcfcb26f-e670-45fa-9ba6-cfd814770ae3},COMPLETED,Deploy to QA,679
solutionsmetrixcrmdev,esl,{4fab512b-1125-4670-9108-349e1afb9694},{e36279c0-1dca-404f-a1ca-b6801f784ef4},COMPLETED,Deploy to QA,372
solutionsmetrixcrmdev,esl,{bc946c6a-7172-4e21-a750-cdc345511712},{01d0084a-c5ab-400c-8983-7073ccb5c444},COMPLETED,Deploy to QA,468
