workspace,project_key,repo_slug,pipeline_uuid,build_number,state,target_ref,commit,created_on,duration_seconds
solutionsmetrixcrmdev,esl,esl,{b5dc77f5-7490-4a44-888c-2625bc8e62c2},1,COMPLETED,develop,e4dafc2e5df9d74fde745f7120e6b18015484bf5,2025-04-30T21:48:05.849923003Z,849
solutionsmetrixcrmdev,esl,esl,{3ee193ea-0d04-435d-a7cc-68840f026e0f},2,COMPLETED,develop,94aca412097bca9881554b921530960cc0e220e7,2025-05-01T13:23:50.392151254Z,668
solutionsmetrixcrmdev,esl,esl,{5a240baf-6ffb-45ca-b3c8-e4a6982c3699},3,COMPLETED,develop,4bdd1cfeb24a2f5bcd256412f46a2cca3aae2c71,2025-05-01T14:11:51.214097407Z,455
solutionsmetrixcrmdev,esl,esl,{974a8ed2-276d-4767-a706-c9846daa708e},4,COMPLETED,develop,f6f2f4000f1fb98bb2d41f7d45ab12c7be429ce3,2025-05-02T17:42:11.886011904Z,610
solutionsmetrixcrmdev,esl,esl,{1bf8282d-0f59-4575-bbaf-331b89fad907},5,COMPLETED,develop,de7e76895c9489d195ab168a27f239482edc22fc,2025-05-05T13:15:01.377414813Z,572
solutionsmetrixcrmdev,esl,esl,{f5729353-8bd2-4963-8b1a-dbaff30db74a},6,COMPLETED,develop,454408d844601f2e6a699a1b12896a44aec2b2a8,2025-05-05T16:35:16.909739699Z,544
solutionsmetrixcrmdev,esl,esl,{f49cbcef-5a28-4e68-889f-ca093ca5a0b7},7,COMPLETED,develop,0cb6240d5212fbd79c9ed28b5686523fc2f6eb27,2025-05-05T17:47:13.711096307Z,515
solutionsmetrixcrmdev,esl,esl,{417e3684-aaad-4684-8e74-1cd322fde7ca},8,COMPLETED,develop,646a1c9f944ac5c1ed99645dd35df7b8d7f2fb34,2025-05-05T22:41:24.129790356Z,464
solutionsmetrixcrmdev,esl,esl,{1a125174-34fa-44e8-82ef-4a20815df86b},9,COMPLETED,develop,80cc8c8554f615f50cff97ae449607bc62b3299f,2025-05-06T00:51:59.313949106Z,469
solutionsmetrixcrmdev,esl,esl,{3add3884-5c98-4861-bdcf-a59ee6eb4d2f},10,COMPLETED,develop,8ed18b28bb93f755d7912303f466369f5c6bc908,2025-05-06T01:24:13.720720375Z,372
solutionsmetrixcrmdev,esl,esl,{6313fe36-6814-451c-a998-a26b820a3889},11,COMPLETED,develop,7b0afe778d0cab72b245c38ad2d85b899968a757,2025-05-06T13:35:16.534879938Z,671
solutionsmetrixcrmdev,esl,esl,{dec68aeb-2267-4d2a-83a3-15be784202e3},12,COMPLETED,develop,ecf9fa1b3f9cea42e35710c5f6b87c31794e81be,2025-05-06T14:35:41.597596148Z,470
solutionsmetrixcrmdev,esl,esl,{67f5bb32-2615-48f6-ab40-3652c4221019},13,COMPLETED,develop,08c1762fd3c7ebe632abfb2909a132b4096c0fcf,2025-05-06T14:36:32.606388457Z,458
solutionsmetrixcrmdev,esl,esl,{2fc3d5e2-0857-47cf-82b8-1c649e863e4e},14,COMPLETED,develop,e699f6f8a89e2103edf28b39eeb77854be83473d,2025-05-06T17:53:18.81889625Z,510
solutionsmetrixcrmdev,esl,esl,{773143cc-63ac-47ac-b8e3-d6319ba72824},15,COMPLETED,develop,fcc09e01fc9d6b0e1c1f0db0754a02525ca92848,2025-05-06T18:14:19.375211399Z,552
solutionsmetrixcrmdev,esl,esl,{7c2a2b3e-879d-4ca4-bcf2-2f59966c9c23},16,COMPLETED,develop,aecd2f687c4673de3415591d02ef588eb999a194,2025-05-06T21:10:27.508507009Z,504
solutionsmetrixcrmdev,esl,esl,{418e5301-8f7b-4ebf-8c41-cc7643f1b780},17,COMPLETED,develop,7f8530bcd0d771e986a444eb22ca1e302f246a06,2025-05-06T22:30:38.435905383Z,472
solutionsmetrixcrmdev,esl,esl,{cbfff865-faac-4817-9da1-96b2b1c40399},18,COMPLETED,develop,1a5f2abc9ebf78e12b1b34c54f35a9579f35416c,2025-05-07T03:03:10.210047224Z,402
solutionsmetrixcrmdev,esl,esl,{35c29c1e-e663-447c-9df5-8d8b2375a363},19,COMPLETED,release/2.2.4,1a5f2abc9ebf78e12b1b34c54f35a9579f35416c,2025-05-07T03:03:58.269734863Z,0
solutionsmetrixcrmdev,esl,esl,{62473408-664c-486e-84c6-139aa82ffb88},20,COMPLETED,develop,3799ca72c1df3c3e069f2bd746f5b17a0977570e,2025-05-07T03:16:28.639780327Z,16
solutionsmetrixcrmdev,esl,esl,{8b995b20-6adc-41bc-a307-9185da34ee03},21,COMPLETED,release/2.2.4,dae33ac0bd98cf860e025802c7624bcb26086fcc,2025-05-07T03:18:58.673209489Z,821
solutionsmetrixcrmdev,esl,esl,{b2419a91-925e-46db-95c4-d87db39c576d},22,COMPLETED,develop,af822b86b0cf823db9ab41484efd70291d349ab0,2025-05-07T03:45:36.180218469Z,469
solutionsmetrixcrmdev,esl,esl,{2616b878-f698-465c-a8eb-b611e49571d1},23,COMPLETED,release/2.2.4,4c5943a8904de03c4c9ccd39919fe38b40d6cf8d,2025-05-07T03:56:23.770199819Z,1152
solutionsmetrixcrmdev,esl,esl,{c7d70fb1-6779-44f6-8b23-b6e14bdf8a1b},24,COMPLETED,develop,a9b5a7a210635722839c485800bc1ce42ebd5c55,2025-05-07T14:07:39.975362695Z,550
solutionsmetrixcrmdev,esl,esl,{4e1ec905-83a3-4b6e-add4-fc87d5010eae},25,COMPLETED,develop,b28242d1437ae6887b09e1aef13f7ca45afdc964,2025-05-07T23:30:20.691815973Z,492
solutionsmetrixcrmdev,esl,esl,{a61daa24-d644-445c-81d3-5711813f309f},26,COMPLETED,develop,a54703a4d67bc7c9cfcc4c37ce477e75509291ae,2025-05-08T19:45:26.410497348Z,649
solutionsmetrixcrmdev,esl,esl,{78efb4df-d522-446d-adf2-4888268f26cf},27,COMPLETED,develop,0bb495b9ee1f6268b92481bbb3697999df4a9014,2025-05-08T19:46:49.998958256Z,757
solutionsmetrixcrmdev,esl,esl,{4035eb8f-0865-4853-9fd7-a9b41b1ac191},28,COMPLETED,develop,bb8dd0e22ae6bb4f233c11bf5433e6594d5347b9,2025-05-09T16:26:13.019281169Z,626
solutionsmetrixcrmdev,esl,esl,{cc2f8029-a7d8-4d31-a9d4-e962d2c62302},29,COMPLETED,develop,9ccd46e6a6c470dfc6b5b08ff1df1db1f2fa5417,2025-05-13T20:27:58.206037177Z,674
solutionsmetrixcrmdev,esl,esl,{ce41a99d-b421-4272-8974-8c212e07020e},30,COMPLETED,develop,222f3fd74f47b945bbbc78326cf284c82f9a6fc6,2025-05-14T10:04:57.008004629Z,490
solutionsmetrixcrmdev,esl,esl,{c7153355-5f4b-41aa-ab0c-d4d5f69a4476},31,COMPLETED,develop,3a1e5971a5e5fbf49edee6f8aa1c9a41ee28d2c3,2025-05-14T13:16:17.910751751Z,523
solutionsmetrixcrmdev,esl,esl,{6100a95f-58a6-4214-a68a-8cefc36737e8},32,COMPLETED,develop,287ff19cdd20e39d50b42355a70377c1e63c7e97,2025-05-15T14:38:35.830992411Z,651
solutionsmetrixcrmdev,esl,esl,{f2749f97-1754-4cda-b3c9-3a4b2c5d6a28},33,COMPLETED,develop,b49c903d515529122f5f12f07a31b9e6a63a349f,2025-05-16T13:34:54.145026039Z,689
solutionsmetrixcrmdev,esl,esl,{c2409ac6-be8b-4119-bd0a-0131fbbf25cb},34,COMPLETED,develop,52b09555574ce8af69b450ecf1e9c84efa8b2caf,2025-05-16T17:35:53.752407084Z,494
solutionsmetrixcrmdev,esl,esl,{70ae80dd-f0ba-44bf-9e6d-168892eef74c},35,COMPLETED,develop,933902595b7adadda3c0f3628f84cb7028590412,2025-05-16T19:58:37.972700342Z,473
solutionsmetrixcrmdev,esl,esl,{0c16f919-b329-4728-bc83-229ab72f9057},36,COMPLETED,develop,1511f5e16f0f2bb6c44cfe92078a8ca42c61fe0a,2025-05-16T20:34:55.413958967Z,443
solutionsmetrixcrmdev,esl,esl,{7d661a23-cdb4-4dca-8f4d-5c279a8d335f},37,COMPLETED,develop,c74f190bbbdd3473342bfca7a7d9329bd88677ae,2025-05-18T03:18:13.992387597Z,709
solutionsmetrixcrmdev,esl,esl,{ff08cf40-4342-4503-b18b-19c4690d3a49},38,COMPLETED,develop,68d0887d4ddbf1691275dfd23d6b412510ab85c3,2025-05-18T19:58:01.124490875Z,622
solutionsmetrixcrmdev,esl,esl,{424d9fd3-a801-40ad-955a-a24c6ebcf8ab},39,COMPLETED,develop,be2793a718e78d3c070ec316f97bb9fe94521fbd,2025-05-20T15:58:07.907988298Z,730
solutionsmetrixcrmdev,esl,esl,{4aa3e653-78e6-441d-856a-46efb8e1400e},40,COMPLETED,develop,9866d64d4494d4977034d76104fa4f44144fffbf,2025-05-20T18:05:12.692284205Z,481
solutionsmetrixcrmdev,esl,esl,{990cdd66-e75e-44b8-959e-bbc470ba9dd4},41,COMPLETED,develop,f417ee4127edd10c766b9fd4cd2be0170d52c9d6,2025-05-20T19:11:31.86682738Z,514
solutionsmetrixcrmdev,esl,esl,{176b05f3-39dc-47d7-bd26-56b74ba546f6},42,COMPLETED,develop,b88ef086b8c704f61ce061c2ba22760b9cb482b7,2025-05-20T19:19:35.335275421Z,801
solutionsmetrixcrmdev,esl,esl,{3c970422-8b92-4dfa-8cb7-d221fbf1f724},43,COMPLETED,develop,0fa598c1ba30b4c0e956458b3500375121340aea,2025-05-20T20:50:50.924918578Z,949
solutionsmetrixcrmdev,esl,esl,{f76a0795-fd47-484d-9042-93e3c366f96e},44,COMPLETED,develop,7900c00c98df49be98e5330faea51fd120c807cc,2025-05-21T14:07:50.647257145Z,595
solutionsmetrixcrmdev,esl,esl,{9fa1cfde-6ba4-4d0e-a9b2-00d9e45351c7},45,COMPLETED,release/2.2.5,7900c00c98df49be98e5330faea51fd120c807cc,2025-05-21T19:41:10.141080958Z,555
solutionsmetrixcrmdev,esl,esl,{66d31bb7-de22-40fd-b468-c7ab4696aeca},46,COMPLETED,develop,3fb454a0b5de99d10acde00b24d2af9cf3f6f637,2025-05-22T17:34:00.353418606Z,834
solutionsmetrixcrmdev,esl,esl,{d9428231-a7c8-4d11-afc6-dcc22bb5d68f},47,COMPLETED,develop,2122e07916774e96fb33e2d497b17f0511cfb358,2025-05-22T17:38:35.733586017Z,1367
solutionsmetrixcrmdev,esl,esl,{33fb94c5-26ee-4f13-8b96-896fef92acf3},48,COMPLETED,develop,3cf25a8cbe1550d59ba72ef37b9c514cbf66585f,2025-05-23T19:40:19.14704885Z,707
solutionsmetrixcrmdev,esl,esl,{e919a3a2-792d-4a14-b239-cc75077f77d6},49,COMPLETED,develop,b962e8ac0a27836cbc825d81be4cf5a4d454c824,2025-05-26T14:28:31.045382438Z,577
solutionsmetrixcrmdev,esl,esl,{420cbaa6-d387-4ba1-a70b-ef07d8fee537},50,COMPLETED,develop,e113f6e1fb0fab325f819a0f6d6ec6def6c514bb,2025-05-26T14:44:35.377700626Z,804
solutionsmetrixcrmdev,esl,esl,{4ccce5c2-ca49-489a-9d9f-3589007f6dc6},51,COMPLETED,develop,5ffceb418fb088e36f4588f9ea9142fbb20688c7,2025-05-27T13:20:20.67558821Z,616
solutionsmetrixcrmdev,esl,esl,{b718f685-2eba-4cfe-a5d1-0b9e77dfd9cb},52,COMPLETED,develop,aee762e49a496163543eba6ed36b3876009913ac,2025-05-27T17:16:32.843973597Z,551
solutionsmetrixcrmdev,esl,esl,{1ac5fa2b-ca7a-407c-b841-efbc79ebf85e},53,COMPLETED,develop,5461eee0fe529849ec964b276186f90791ddd749,2025-05-27T18:47:06.40716719Z,472
solutionsmetrixcrmdev,esl,esl,{7397d743-7c88-4947-9f71-d634d7c48088},54,COMPLETED,develop,e10e5ff547f19502eae0131d33730bfa2b3db5e4,2025-05-27T20:56:08.423572794Z,534
solutionsmetrixcrmdev,esl,esl,{4cbc4c8b-0ab2-4ce4-a60f-5f13f38e67aa},55,COMPLETED,develop,ae0a81b7008c1ce41bfe8a9949204f941c6a76db,2025-05-30T02:15:19.528836835Z,676
solutionsmetrixcrmdev,esl,esl,{4da93e11-4894-405a-b496-cbaee0bd0105},56,COMPLETED,develop,2f7168c9b6d927671e6ea7eb1cdd229a821d1074,2025-05-30T13:16:55.510850651Z,416
solutionsmetrixcrmdev,esl,esl,{3d2af2f6-483d-457a-ba49-817a7425530a},57,COMPLETED,develop,23e117e24e84bc8212fea58976a0001c5962a732,2025-06-01T18:26:55.725110455Z,580
solutionsmetrixcrmdev,esl,esl,{88efda39-d21d-44e2-bdb9-692bd1d73892},58,COMPLETED,develop,a422f165046dcade03a997ee60d6d8796a7f13d3,2025-06-02T16:46:08.228151413Z,706
solutionsmetrixcrmdev,esl,esl,{584f85cb-3587-4d54-8c59-1a61d22913ac},59,COMPLETED,develop,43ab61d3b591a60ca08b1d75bb305b68cc883581,2025-06-02T20:17:08.004750708Z,417
solutionsmetrixcrmdev,esl,esl,{6ffa1dc2-8570-48be-bf3c-4b12e5b1aa0e},60,COMPLETED,develop,01c027a9d1ee07c3beb1051468baf4910297bf75,2025-06-03T02:17:56.051448996Z,428
solutionsmetrixcrmdev,esl,esl,{343d2e1d-f58d-47c3-ac5c-b61c0f0c6942},61,COMPLETED,develop,fed9d7f248a5c844cebc29d7548f23f76207cb9d,2025-06-03T03:57:26.352666522Z,593
solutionsmetrixcrmdev,esl,esl,{fcaaf72c-d55f-42a0-9d98-d3393feb9419},62,COMPLETED,develop,6895e929d353ccb4c807bf2aed3c33bf942ad7db,2025-06-03T14:32:43.543359328Z,561
solutionsmetrixcrmdev,esl,esl,{71e0a864-225a-4445-aef8-07e06146eae2},63,COMPLETED,develop,645083045810eb8266b6ba542fd10a0c73109132,2025-06-03T21:43:14.591926592Z,548
solutionsmetrixcrmdev,esl,esl,{c91357d9-f478-4af9-bb7e-bf8bc8634a32},64,COMPLETED,develop,ebeaaca0ef446aa076f01431868a6fa92301efb7,2025-06-04T13:58:12.875793018Z,722
solutionsmetrixcrmdev,esl,esl,{75a88594-c9be-4e3f-899a-b64d45b86e14},65,COMPLETED,develop,b31f634e722f2e5588891be8fb7f2d1ae2464069,2025-06-04T14:12:46.408567118Z,692
solutionsmetrixcrmdev,esl,esl,{e3546491-8770-40fb-ab5b-55f464b13ff3},66,COMPLETED,develop,ad5f16b3c894f5b3a77f4cd0b29d7217b70a0baf,2025-06-04T15:07:57.646622485Z,499
solutionsmetrixcrmdev,esl,esl,{fffe15be-6030-4b2a-a5f0-61363ad26e27},67,COMPLETED,develop,a0884fa8c02453a3a08b3b9f53bee2c0045da373,2025-06-04T17:50:45.206744443Z,473
solutionsmetrixcrmdev,esl,esl,{0cbbec65-686a-499f-86f6-b7e88c4527b1},68,COMPLETED,develop,d4b099c5f2c9409d8cef2cbe557812dc256a41b7,2025-06-04T20:02:46.635675601Z,554
solutionsmetrixcrmdev,esl,esl,{3b9715db-49e1-4e79-9324-33a71c225727},69,COMPLETED,develop,2645b998f60dae47fb3566fe3ccd3578bf47225a,2025-06-04T20:48:18.728430357Z,542
solutionsmetrixcrmdev,esl,esl,{954b3515-d79e-4adf-8eae-e87244d4d79b},70,COMPLETED,release/2.2.6,2645b998f60dae47fb3566fe3ccd3578bf47225a,2025-06-05T17:52:06.016105068Z,649
solutionsmetrixcrmdev,esl,esl,{4609c796-601b-4913-bfc2-03c7cf95d452},71,COMPLETED,develop,f08dd18d99c0186d79599a10fbcaae58bb247084,2025-06-05T19:09:05.922452302Z,632
solutionsmetrixcrmdev,esl,esl,{797651dc-9b41-4453-8030-1b6f0311caef},72,IN_PROGRESS,develop,de5e7ba1a1389ca7da3488049fbe0595d166a51d,2025-06-05T19:16:34.89851566Z,0
solutionsmetrixcrmdev,esl,esl,{b5d25d5c-1965-4dfd-a61c-7a2f8b42ed75},73,COMPLETED,develop,f2b65e50dbd0b23f6bc9510ed01a91f3c2354f94,2025-06-05T19:52:55.184135176Z,452
solutionsmetrixcrmdev,esl,esl,{30392877-eff2-422b-8507-a12ae3cbd6de},74,COMPLETED,develop,ee974064d8c748167daa46bf35f1ead15fbc4052,2025-06-06T13:45:09.654214835Z,733
solutionsmetrixcrmdev,esl,esl,{afbfbdf4-450f-41cc-bcab-68d432452847},75,COMPLETED,develop,945497fbcee0a198fdbb76db556098300e6a31ce,2025-06-09T14:13:14.881761309Z,662
solutionsmetrixcrmdev,esl,esl,{62176cfa-39fc-4de7-adf8-36eb399cea88},76,COMPLETED,develop,fac8e4ecb47d3358e14facb3d8e000634801a6a9,2025-06-09T15:08:47.153844097Z,789
solutionsmetrixcrmdev,esl,esl,{c3dd7c66-f43a-4670-b55c-3fbd61a13c1a},77,COMPLETED,develop,67ce8c75c74c1bb89a68d04313e0aa8425f10684,2025-06-09T20:20:16.186634771Z,610
solutionsmetrixcrmdev,esl,esl,{a51f5204-4203-49a3-b75f-ea7b194fd1f7},78,COMPLETED,develop,1d1d27724c2ab71ce2899f88cc218217f26b1a52,2025-06-09T20:44:04.077162922Z,498
solutionsmetrixcrmdev,esl,esl,{602628a0-acbe-457a-9651-7aae5195dbb1},79,COMPLETED,develop,fc876b95577cf49dcba3ea65f5f638e724502b97,2025-06-09T23:29:28.986382279Z,419
solutionsmetrixcrmdev,esl,esl,{637e547d-dc5d-4da7-a6dd-5de91272c458},80,COMPLETED,develop,59b0049442b6533a51a0d446a0bc697d2eb580c0,2025-06-10T01:48:34.404017793Z,503
solutionsmetrixcrmdev,esl,esl,{f17ebd2f-6635-4041-841f-35721f7e863d},81,COMPLETED,develop,5232f417d500dcbc7129fe4dc8a15a2bc9a11050,2025-06-10T02:09:03.874599418Z,587
solutionsmetrixcrmdev,esl,esl,{0298bdf1-9230-4184-9c3f-c8297c6fe7fb},82,COMPLETED,develop,e9f8ee796234605e8c7d597810edcc3283b2dacc,2025-06-10T17:21:23.851023561Z,746
solutionsmetrixcrmdev,esl,esl,{5dd71bdf-03a7-47fa-9b1b-65015fadc0f9},83,COMPLETED,develop,3e540e9503e4af655aef44add7a02401ecec771f,2025-06-10T18:25:48.584816389Z,427
solutionsmetrixcrmdev,esl,esl,{8813f526-eea3-4cf0-a72f-fb2a1e298556},84,COMPLETED,develop,494e58f47f814126ea41cc3910a0f348fda836fc,2025-06-10T19:34:32.910356775Z,591
solutionsmetrixcrmdev,esl,esl,{42b1d8fa-c933-4dd0-add9-1b2645509dc0},85,COMPLETED,develop,e86a3a69beacd788164d3beea7c9590b8bdbbde0,2025-06-10T20:57:51.195118264Z,548
solutionsmetrixcrmdev,esl,esl,{c2b42017-6022-480a-8563-011b3105e1a0},86,COMPLETED,develop,222b3564349acc1c18532d35481ac73e210087ab,2025-06-10T21:52:57.550130868Z,524
solutionsmetrixcrmdev,esl,esl,{14c97bed-2872-4ebe-889e-cbd2eab2c8d4},87,COMPLETED,develop,23d256f3835789eab6c6e1fd392c3bac1468f197,2025-06-10T22:11:06.506814343Z,763
solutionsmetrixcrmdev,esl,esl,{68c2e456-6986-4946-a3af-8a05959d2387},88,COMPLETED,develop,4b40911774e7f0dd21e21169bd48040f29e2c88c,2025-06-11T13:02:28.089005147Z,571
solutionsmetrixcrmdev,esl,esl,{b397cfdc-0fcd-4c15-96fe-8347ca1f7c11},89,COMPLETED,develop,15120b977da41205986a63dcbe36e2602ceaa41d,2025-06-11T17:02:15.365559776Z,4
solutionsmetrixcrmdev,esl,esl,{f0ca8a85-ac22-4dd3-b906-4ed30e0c61a0},90,COMPLETED,develop,15120b977da41205986a63dcbe36e2602ceaa41d,2025-06-11T18:22:23.454562267Z,624
solutionsmetrixcrmdev,esl,esl,{c3121951-3bdb-43b3-98aa-dff0f3274744},91,COMPLETED,develop,5b9b3d1ec5443515d9b08aae55f0192b3b867986,2025-06-11T20:16:12.968113174Z,477
solutionsmetrixcrmdev,esl,esl,{9942ace0-8722-4d48-8b87-779152364ae9},92,COMPLETED,develop,92ade9615c2b4b1269fd8060b4758745fe8d099f,2025-06-12T13:55:29.322910552Z,635
solutionsmetrixcrmdev,esl,esl,{2419b460-99fe-4932-9fbe-6f818698092b},93,COMPLETED,release/2.1.17,2397a146671b4ee03efa0829d77858cdaddb209e,2025-06-12T13:59:21.103534546Z,2
solutionsmetrixcrmdev,esl,esl,{c9968203-4402-4f69-8f22-a27da81b5955},94,COMPLETED,develop,fabb7529a6649576a4bc48e020311b498b442a81,2025-06-13T17:39:37.066553865Z,659
solutionsmetrixcrmdev,esl,esl,{74c3b948-b30a-44c5-8c5e-9c31e9392213},95,COMPLETED,develop,2ade2fb52dbcffede7569f2c80ea884f8828748f,2025-06-16T20:05:07.186064046Z,691
solutionsmetrixcrmdev,esl,esl,{ab495c71-cfb4-422a-870b-04666832b96b},96,COMPLETED,develop,ded3a61ff764c5259880797362fb8042c403f059,2025-06-17T19:05:49.18110864Z,680
solutionsmetrixcrmdev,esl,esl,{e5fabdbe-e17d-4543-a963-28cdff0c09c5},97,COMPLETED,develop,41c5ae377b20b7b1a479d9c0a4ce285336b26afc,2025-06-17T19:39:13.907358848Z,487
solutionsmetrixcrmdev,esl,esl,{21858a64-79ce-4580-a809-381b6ccc7aa4},98,COMPLETED,release/2.2.7,41c5ae377b20b7b1a479d9c0a4ce285336b26afc,2025-06-18T13:51:36.534329745Z,483
solutionsmetrixcrmdev,esl,esl,{5ad5252e-8b5f-4eee-93e5-4c1f26b8bedf},99,COMPLETED,develop,e09623de6cdd3d6297c08a9367c847f240c545eb,2025-06-19T13:49:34.046319586Z,797
solutionsmetrixcrmdev,esl,esl,{30000bad-03ef-464e-a8f0-b47d476daa1f},100,COMPLETED,develop,2529a5c281e2830e7a82c603ee21f8690a1ed91f,2025-06-19T14:35:41.552637181Z,601
solutionsmetrixcrmdev,esl,esl,{f2ec8150-c6c7-42d1-a640-752ae6aedc41},101,COMPLETED,develop,e49376de8573e2216913e965c7daede30898cc3e,2025-06-20T13:16:01.96681836Z,665
solutionsmetrixcrmdev,esl,esl,{fb065b7a-6daf-46ab-a9cf-b46455412b97},102,COMPLETED,develop,827e7ea4be3db44a44ae48d36e4b67ce51e0153e,2025-06-20T13:23:29.182851028Z,723
solutionsmetrixcrmdev,esl,esl,{23463d92-c66e-4dc7-bf72-a257387c578c},103,COMPLETED,develop,7596224d467533fa0295176b014d21ebbab2cab4,2025-06-25T18:54:36.179702776Z,2183
solutionsmetrixcrmdev,esl,esl,{2009892d-8ece-41dc-b6ab-9cf45a6cd0ad},104,COMPLETED,develop,524bdd3fbb8d9e797adabd19a647c472523e4f64,2025-06-25T18:56:04.423160445Z,454
solutionsmetrixcrmdev,esl,esl,{ded17217-2f18-4455-84d6-a7f972ca52b3},105,COMPLETED,develop,03fe08fe1eed39787a42411f035919b09f610605,2025-06-25T21:24:29.773074437Z,396
solutionsmetrixcrmdev,esl,esl,{26041e46-1717-4033-9de9-fd0bd38600a3},106,COMPLETED,develop,0b125f29ba056158b5b08415e190d7bb6dc81f72,2025-06-25T21:44:06.259277658Z,462
solutionsmetrixcrmdev,esl,esl,{feabfaaa-5130-4eba-a0c6-57c9ea66d7af},107,COMPLETED,develop,c074c13f1b3ab886049c46cd528d8068557017d4,2025-06-26T20:12:54.364952363Z,601
solutionsmetrixcrmdev,esl,esl,{d85f8993-b22a-416d-a740-72b4fc65b4eb},108,COMPLETED,develop,1cf2fcc7a674a71ab424eec36447f3eb00f2ed7c,2025-06-27T15:45:34.62148337Z,536
solutionsmetrixcrmdev,esl,esl,{0410f49c-4b3b-44ee-94e2-afa1e4593b35},109,COMPLETED,develop,2f8f97b8e3ae779a10798ce0f207d1a4d5fb7f2e,2025-06-27T18:24:05.199603267Z,476
solutionsmetrixcrmdev,esl,esl,{6a9dd18b-bc23-4f97-9365-c49279e348a0},110,COMPLETED,release/2.2.8,2f8f97b8e3ae779a10798ce0f207d1a4d5fb7f2e,2025-06-27T21:48:51.783562532Z,536
solutionsmetrixcrmdev,esl,esl,{6a2068f0-4705-4ffd-b419-3a1fefa7b8ba},111,COMPLETED,develop,c02905225066792d3006d7b90ac12a47fb511fae,2025-07-01T13:57:43.835164637Z,752
solutionsmetrixcrmdev,esl,esl,{39e2311c-e822-46f0-b951-dc017cc885ec},112,COMPLETED,develop,44b3b1fba8f54ca3e9fd975357b6f43f31a34781,2025-07-01T16:13:44.162152931Z,484
solutionsmetrixcrmdev,esl,esl,{09b5fe62-0ccf-40c9-9e56-026b11e6f677},113,COMPLETED,develop,8c3bb002f356be00de49e7084611236bfdcab0cf,2025-07-02T13:15:32.237404905Z,476
solutionsmetrixcrmdev,esl,esl,{ca5f9809-d06b-4070-a812-d2a938764a57},114,COMPLETED,develop,e9f54b8c3f9704f95a62d29de04d63d18bd5d719,2025-07-02T15:50:17.607549855Z,520
solutionsmetrixcrmdev,esl,esl,{7466c65d-8c10-466c-b0b7-2dcb3641221f},115,COMPLETED,release/2.2.8,4dc99d2a09f4cd93fc4f99525e79fa0f43f285fa,2025-07-02T21:21:47.813618574Z,524
solutionsmetrixcrmdev,esl,esl,{afa24979-4265-4122-9df3-b7f076f9c3fb},116,COMPLETED,develop,56a23579f266bca6c98f8b4f1d125ecfd83835a6,2025-07-03T15:48:25.809802972Z,635
solutionsmetrixcrmdev,esl,esl,{22a10b8d-7de2-4171-838f-42e595a7a58b},117,COMPLETED,develop,1650c5c7890417a2ce3740163c31349f5c434266,2025-07-03T16:11:43.057923497Z,949
solutionsmetrixcrmdev,esl,esl,{89ad930b-2618-41b8-b94a-4a3a9966ae77},118,COMPLETED,develop,67de744b04cc13f17dc2a935c472b473a48a9adc,2025-07-04T18:28:23.138958105Z,474
solutionsmetrixcrmdev,esl,esl,{9b04551e-e248-4253-839e-68f313773dce},119,COMPLETED,develop,8c1e09fe6a205c04d4a26eb746f0e8b85118f468,2025-07-05T00:24:17.802387919Z,518
solutionsmetrixcrmdev,esl,esl,{91babe4d-7f60-41b6-b1d8-2de226a57336},120,COMPLETED,develop,2559ddfab78ea185f934e902e497a477a4480078,2025-07-05T00:45:00.079683943Z,568
solutionsmetrixcrmdev,esl,esl,{bf906b26-2dcc-4daa-a4f0-b321cd558a78},121,COMPLETED,develop,fa999f633ab3941c69fc4576e115a3c701834eb0,2025-07-07T13:06:32.59987178Z,643
solutionsmetrixcrmdev,esl,esl,{b6afb727-e745-434a-a605-d59fc0f6393e},122,COMPLETED,develop,7ed62c9ead5f67605036d5b0402ad51b244a28e5,2025-07-07T15:27:14.141061655Z,629
solutionsmetrixcrmdev,esl,esl,{c1f3dd92-1ba3-4812-8022-7e1acf65b38f},123,COMPLETED,develop,f76ee078ab8c1dfaae0543ecc02a4e533b353abc,2025-07-07T19:01:51.539729822Z,666
solutionsmetrixcrmdev,esl,esl,{15c9cd0f-2a84-4ba2-9cc9-c04cc0ba1702},124,COMPLETED,develop,754b41266a786b73a5ae7399d322b7f4c54b0324,2025-07-08T16:45:14.527762847Z,1241
solutionsmetrixcrmdev,esl,esl,{2caa5f5a-41fe-41fb-9d9d-a9fbbf526c26},125,COMPLETED,develop,f76ee078ab8c1dfaae0543ecc02a4e533b353abc,2025-07-08T20:46:32.519757274Z,489
solutionsmetrixcrmdev,esl,esl,{b22ea53d-2e4d-44ce-99e8-b4d3a9191fa3},126,COMPLETED,release/2.2.9,f76ee078ab8c1dfaae0543ecc02a4e533b353abc,2025-07-08T21:03:40.684318677Z,641
solutionsmetrixcrmdev,esl,esl,{c4dfa22f-99d8-4d18-9f49-b1ceeed25a38},127,COMPLETED,develop,959c41ee08b56cfcb6419980a1a301a7d2ad54f5,2025-07-11T15:03:15.846998067Z,2221
solutionsmetrixcrmdev,esl,esl,{e2880384-ec3e-4795-a94f-9de00afda4c3},128,COMPLETED,develop,126a42f3d228700696f67b009ea0aab0cc0b4cbf,2025-07-11T15:42:10.814303771Z,502
solutionsmetrixcrmdev,esl,esl,{eb64799e-7f74-418d-9285-2c267f967fd0},129,COMPLETED,release/2.2.9,098c9d47e9d8d9e12955d4eb05cd06c0628a91e3,2025-07-11T18:48:34.296308955Z,569
solutionsmetrixcrmdev,esl,esl,{f5163473-e44b-43d5-86e7-8976e7b315ff},130,COMPLETED,develop,bc8a82bf1b8c0debb5d2702ad61678f0aae0a452,2025-07-16T16:48:59.601431806Z,638
solutionsmetrixcrmdev,esl,esl,{38bdeb8e-b117-42cf-8c57-0e4add5cc66a},131,COMPLETED,develop,c54cf5839d27bce03e65aa4136da83bbf563370f,2025-07-16T17:01:03.005645185Z,554
solutionsmetrixcrmdev,esl,esl,{5bb035fb-6e6e-4ff4-b243-844c0677768e},132,COMPLETED,develop,fa490e62599b891384c716bb8370ca9bf9336225,2025-07-17T20:56:54.881381486Z,839
solutionsmetrixcrmdev,esl,esl,{d1797918-3d51-436f-be81-07c68eb571fe},133,COMPLETED,develop,083b6642b5af46bfa3bc6ddc58926c08bedd134e,2025-07-17T22:33:14.435872259Z,529
solutionsmetrixcrmdev,esl,esl,{c4984512-fca4-4622-b2d8-66737b2b3c44},134,COMPLETED,develop,c8bd0bee43e1160e2acaa5655f6cf69bcc4d33ba,2025-07-18T16:50:54.022899722Z,730
solutionsmetrixcrmdev,esl,esl,{bf924a45-9ac6-4ff6-93d5-22883cc329d2},135,COMPLETED,develop,0e7b61bea0d85145c897ee1fabc238d2f91bdfbc,2025-07-18T20:59:43.698734831Z,537
solutionsmetrixcrmdev,esl,esl,{cfd52eb4-3a28-489d-88b0-9587e31a3e26},136,COMPLETED,develop,de2ce183c1a4367fdc3238d4ffee772362a85588,2025-07-21T17:51:16.803447232Z,696
solutionsmetrixcrmdev,esl,esl,{4160f189-f51d-4290-82b7-a245d040e782},137,COMPLETED,develop,3304ca4531ed2eef5dbc5fd2aa22865533937b05,2025-07-21T17:53:36.936859812Z,548
solutionsmetrixcrmdev,esl,esl,{8de3279b-0c33-47f2-85f9-1c6e68093139},138,COMPLETED,develop,3b6464f02ce4e41d5c8b767722aa5ff168bfd0e1,2025-07-21T20:14:16.107562594Z,514
solutionsmetrixcrmdev,esl,esl,{109218f4-c9b6-4bde-966a-803770a45fbf},139,COMPLETED,develop,678d4349636abbabcae21cb474ef827d1cc531bc,2025-07-21T20:56:48.840027817Z,781
solutionsmetrixcrmdev,esl,esl,{6c291068-a680-4528-84c5-a6e69a1420a2},140,COMPLETED,develop,7b06c867b33ae3e8c5b2a33dd1e240467ea68353,2025-07-21T21:17:54.17723366Z,509
solutionsmetrixcrmdev,esl,esl,{2014c49b-2604-4e57-bc83-e3073abcc4c0},141,COMPLETED,release/2.2.10,7b06c867b33ae3e8c5b2a33dd1e240467ea68353,2025-07-22T18:51:35.972456457Z,713
solutionsmetrixcrmdev,esl,esl,{3e29e65e-bf67-489c-bee9-ad737ae925c4},142,COMPLETED,develop,ed0a4dc429936ab6c760405358d08f724e2a9ba0,2025-07-23T16:25:31.866058263Z,785
solutionsmetrixcrmdev,esl,esl,{977e4a87-b758-4b58-bc13-9843ca72a33e},143,COMPLETED,develop,9b66936229b85147d2aae2cdfec282babc91b596,2025-07-23T16:30:20.910723057Z,496
solutionsmetrixcrmdev,esl,esl,{2c2a95ae-f52e-4f49-9dff-8de42ed3bd19},144,COMPLETED,develop,6bf7e11e03acaea034d573c787c78700efd03217,2025-07-23T17:12:29.008839652Z,611
solutionsmetrixcrmdev,esl,esl,{499eba05-540e-463c-b8a4-08019b6f8c86},145,COMPLETED,develop,6ecbbd4a36b1f6dd08d9526cbb6ef2b52901b484,2025-07-24T19:27:42.421304987Z,739
solutionsmetrixcrmdev,esl,esl,{9fd6eb6a-d16d-4daf-8de8-d32c5e64d64b},146,COMPLETED,develop,a128be7687075670ceb4405c7ae0b624484d8b2b,2025-07-24T19:53:59.463051745Z,982
solutionsmetrixcrmdev,esl,esl,{2db443e2-3667-43ef-b73c-d29fe45c9359},147,COMPLETED,develop,48146056200a1c48e1df1921f9306137b5990f0b,2025-07-24T21:43:32.337895057Z,712
solutionsmetrixcrmdev,esl,esl,{6174a566-c5af-4f4b-b224-9ae7714a6087},148,COMPLETED,develop,d022cb5a6fcb1533d99c4d215783b8112a0af67f,2025-07-24T22:40:30.248939278Z,529
solutionsmetrixcrmdev,esl,esl,{594c0b10-3dd5-428e-b24c-d3cee5dd75dc},149,COMPLETED,develop,f39741b6b343bad504eca5e8550cb320b40f4c8a,2025-07-24T22:51:56.589201094Z,657
solutionsmetrixcrmdev,esl,esl,{0adfa1f3-8fba-4b44-ade6-b9d8f7e4a880},150,COMPLETED,develop,a3d18191d4bfd0c0e51cdf30893ddaf7c6db25be,2025-07-25T14:13:11.818921016Z,531
solutionsmetrixcrmdev,esl,esl,{9010538d-cd7e-4f8c-8502-6e8ab6fc0343},151,COMPLETED,develop,a619e12e95a2c759a3caffdd222f8cd33164acf4,2025-07-25T14:17:27.408408069Z,732
solutionsmetrixcrmdev,esl,esl,{a707365e-2baf-4dfd-8137-47ef20a28135},152,COMPLETED,develop,af7f1102cea8538fe54023e316ab31fdd3b6f4e7,2025-07-25T16:10:13.207753271Z,480
solutionsmetrixcrmdev,esl,esl,{114c5fda-9406-48f8-b784-a64f75e9d799},153,COMPLETED,develop,0242e8fe17fff173ea771642de9e0bfbe79850ed,2025-07-25T18:42:07.701085135Z,492
solutionsmetrixcrmdev,esl,esl,{c02eb6b9-f947-466d-bd93-ed421df6644c},154,COMPLETED,develop,7b1170d9439c5236837089b851cdc35b5b096243,2025-07-25T21:03:21.641995707Z,495
solutionsmetrixcrmdev,esl,esl,{13be7685-5332-46f8-b036-5a4148f6474d},155,COMPLETED,develop,07b1ac6766a0632a3a90828bf7c483ee3f556c56,2025-07-25T23:07:01.564801194Z,545
solutionsmetrixcrmdev,esl,esl,{8705ea06-d456-46be-b75e-d67c915e8244},156,COMPLETED,develop,7ad798c78dacdaa30bc2aa643c0a1dd974cad063,2025-07-28T16:23:52.380980812Z,844
solutionsmetrixcrmdev,esl,esl,{890fb91d-a0eb-40b5-a124-6e76f43bfa8c},157,COMPLETED,develop,b49dfd67883e58dc3509977709b5aba0a7d55539,2025-07-28T18:14:02.492198571Z,404
solutionsmetrixcrmdev,esl,esl,{cc49a33c-340c-4423-a686-3c63012c5d82},158,COMPLETED,develop,9d74962fe7fa76cad5c41e3c1e4bb1456fc0d1ff,2025-07-28T18:14:58.640734667Z,500
solutionsmetrixcrmdev,esl,esl,{eaecd357-3e83-4963-bf50-f393ff6d72e2},159,COMPLETED,develop,a85bc5413b5ce3520bf61bf5d9c49c02cbb26574,2025-07-28T20:04:06.440348459Z,480
solutionsmetrixcrmdev,esl,esl,{cc2147c2-7463-4d9c-b8d6-e32ae953f2af},160,COMPLETED,develop,8629d5139a1c34e39c4fbb7a1d8fad86096b0a29,2025-07-29T19:21:02.869342252Z,847
solutionsmetrixcrmdev,esl,esl,{f5031bad-ba6f-438b-86e8-fcb191448eaf},161,COMPLETED,develop,48b3f916c77751aaeacfc1025083fbbe5b28f093,2025-07-29T19:28:00.92296776Z,829
solutionsmetrixcrmdev,esl,esl,{325aa041-b673-46ef-8c63-3907d4699ea7},162,COMPLETED,develop,a6e486cf516206d4aa7a1b6f0c1ab497f2b815d5,2025-07-29T21:23:02.721834641Z,884
solutionsmetrixcrmdev,esl,esl,{ac5e0cd7-66e7-4e42-b591-4d186aae8d15},163,COMPLETED,release/2.2.10,60f7047154db57b305671f312371fce72e6ca39c,2025-07-29T21:33:33.683853882Z,879
solutionsmetrixcrmdev,esl,esl,{882ae10d-dc74-4e00-9dd8-1bc676ffe386},164,COMPLETED,develop,b22c1b33c356f98b291761eda320da5fec298a06,2025-08-01T19:14:51.140232066Z,753
solutionsmetrixcrmdev,esl,esl,{d8827143-b6e4-4874-aa72-00625296a346},165,COMPLETED,develop,d95a66a99c05b3f6d92fccaf4d860b1e51152fef,2025-08-01T20:18:38.758227423Z,386
solutionsmetrixcrmdev,esl,esl,{3d6b5cc6-667e-4d10-ab61-acb1c4d5433f},166,COMPLETED,develop,682be619759d2bf7af807259858dba5c671eb89e,2025-08-02T01:31:07.545489112Z,916
solutionsmetrixcrmdev,esl,esl,{3e4701a8-f50a-4a6d-8812-d5d3c70752d5},167,COMPLETED,release/2.2.10,e65c4c4cbef5d6166f98fe0a7441528392bab6c3,2025-08-02T01:49:06.228733516Z,809
solutionsmetrixcrmdev,esl,esl,{bb429a03-b106-4b67-84fe-88a0f221f378},168,COMPLETED,develop,6e98c94c264eddbfc3df76d10c8e99a378aa5f0c,2025-08-04T20:51:04.721014831Z,851
solutionsmetrixcrmdev,esl,esl,{46a034ff-3737-47ab-8bfa-a0066b45adf1},169,COMPLETED,develop,a8d9bdc68420117ac6ac8c627f33a9bb62290a3d,2025-08-04T21:18:29.948149654Z,1985
solutionsmetrixcrmdev,esl,esl,{08eede7b-4f42-4825-96d6-b7ddf69dcf1d},170,COMPLETED,develop,a8d9bdc68420117ac6ac8c627f33a9bb62290a3d,2025-08-04T21:51:38.32436779Z,448
solutionsmetrixcrmdev,esl,esl,{bb0586f4-6e76-49c6-b99e-fd6879657a4c},171,COMPLETED,develop,7a8a48f496edbb25d60139cd6362c634d96296e1,2025-08-05T13:22:39.818042653Z,940
solutionsmetrixcrmdev,esl,esl,{d0e68f42-158b-4d48-9c0b-321369949aa4},172,COMPLETED,develop,f6cf9156bb455c16b552bcd899c823af2fd8c1d9,2025-08-05T15:23:54.254895805Z,536
solutionsmetrixcrmdev,esl,esl,{5f0ae679-e599-4e13-89f4-4680a5781fbf},173,COMPLETED,develop,0975c43dd5fe838dd50b900382a765e580c05c1e,2025-08-05T16:45:19.311413594Z,563
solutionsmetrixcrmdev,esl,esl,{6d961f6b-aa40-4f21-9ce5-5607884d5581},174,COMPLETED,release/2.2.10,3cd1628bbe5a42034b91ae4f7dd5262f9edccab7,2025-08-05T18:40:51.247029948Z,1043
solutionsmetrixcrmdev,esl,esl,{ae8445e2-57da-4684-8966-39b3bbed5ae6},175,COMPLETED,release/2.2.10,3cd1628bbe5a42034b91ae4f7dd5262f9edccab7,2025-08-05T18:58:18.127198388Z,647
solutionsmetrixcrmdev,esl,esl,{d89d45a8-617b-4bd2-98ad-8ce8f29e7e8a},176,COMPLETED,develop,0842c5b41c454d70e212f42adc50359b071b78a3,2025-08-06T20:36:05.190233491Z,7208
solutionsmetrixcrmdev,esl,esl,{25826866-582b-4d20-ba82-118c09981d49},177,COMPLETED,develop,0842c5b41c454d70e212f42adc50359b071b78a3,2025-08-07T00:12:54.158172708Z,439
solutionsmetrixcrmdev,esl,esl,{42e0c7d7-eb16-451f-8268-d45a9b094ae6},178,COMPLETED,release/2.2.10,fd0d9931597a01766ca0306e07f3e309782e67ad,2025-08-07T00:34:15.405277103Z,576
solutionsmetrixcrmdev,esl,esl,{2074e411-a651-4c54-b5fa-686c666d37ef},179,COMPLETED,develop,4350747f81db668810091f2b3bbd4d74900ca4be,2025-08-07T13:17:47.717575991Z,1696
solutionsmetrixcrmdev,esl,esl,{e643bb89-cde6-4f9d-a220-1e0e95ec212c},180,COMPLETED,develop,4350747f81db668810091f2b3bbd4d74900ca4be,2025-08-07T13:46:08.218545083Z,878
solutionsmetrixcrmdev,esl,esl,{bd8cbf6e-2416-4faa-97eb-5372d40dc307},181,COMPLETED,develop,e5af7f933be9c1393df6dfe3273cbe794ee6592f,2025-08-07T17:44:33.504752126Z,817
solutionsmetrixcrmdev,esl,esl,{052acf62-17eb-46f7-bf00-225a64e0487e},182,COMPLETED,develop,99cb10deb7b59d385072dc715dc507eaf24053d1,2025-08-07T20:12:05.337083042Z,527
solutionsmetrixcrmdev,esl,esl,{4dee6444-5a92-442f-b347-7f8b4c696d29},183,COMPLETED,develop,2bdc05a4ff58ba7c0613da9b075131a61adfbc47,2025-08-08T13:32:52.038878082Z,690
solutionsmetrixcrmdev,esl,esl,{495d3744-0df6-458d-a75b-6bc56a4ad7eb},184,COMPLETED,develop,8d26627ab2e476708a0776a6d4e217cd901258eb,2025-08-08T13:38:03.053031275Z,711
solutionsmetrixcrmdev,esl,esl,{804a4cf3-0e27-47f1-8f24-f2a1cc9010ad},185,COMPLETED,develop,d1fa6a172bfae6180e31d176cfbf5070c522b216,2025-08-08T18:12:23.168345058Z,629
solutionsmetrixcrmdev,esl,esl,{bd39edf4-41b0-4872-8f8e-055209b04156},186,COMPLETED,release/2.2.10,4fc8951e8232eeec21e50c68969bf6eaccd7d357,2025-08-08T18:14:04.587574651Z,656
solutionsmetrixcrmdev,esl,esl,{ea8f6bcf-cf4c-4d11-b77f-7c65ae0f8527},187,COMPLETED,develop,26da5d179f82334cd2c8dcf54a74e4a65d45f70a,2025-08-08T18:46:30.098421401Z,528
solutionsmetrixcrmdev,esl,esl,{6ed226bd-258e-4788-ab7a-0242b9b1fd0b},188,COMPLETED,release/2.2.10,c8edf62b6e19431f7e642ebe6b439fb0119a044f,2025-08-08T18:47:41.905371092Z,593
solutionsmetrixcrmdev,esl,esl,{41cb08ab-4afc-4858-8540-dd05c01077c4},189,COMPLETED,develop,2209d5247a06bae72d71b2bc8544db26c816b7d9,2025-08-08T21:16:15.266457843Z,427
solutionsmetrixcrmdev,esl,esl,{f6042a96-dd60-4160-8eeb-d4f2fb8b92f3},190,COMPLETED,release/2.2.10,c87b20ad5fb9db0240e1260fae9dcf97d443b284,2025-08-08T21:54:17.255951263Z,390
solutionsmetrixcrmdev,esl,esl,{90c26d3a-bd83-4331-8c86-9a1e87059995},191,COMPLETED,develop,39e4f8f526ca23972666b610396e467a8c982661,2025-08-11T14:29:39.894872507Z,651
solutionsmetrixcrmdev,esl,esl,{ea2f4d1c-5b71-46ef-86a2-eb5ad94b3b7e},192,COMPLETED,develop,07eacd70b2df488eeec626e8e38e2cee4793bbb1,2025-08-11T15:19:38.173463599Z,727
solutionsmetrixcrmdev,esl,esl,{10b80912-7ba6-492f-9532-7896f2aa86bf},193,COMPLETED,develop,e68defab78baa2a7848363ed59cc9673b4ebb76a,2025-08-11T17:27:34.504425243Z,712
solutionsmetrixcrmdev,esl,esl,{08f0e722-9dbd-49d8-a24d-8b9f5e1afb94},194,COMPLETED,develop,473e6934c65ca70346bd56c1ecf0e56a1d090be4,2025-08-11T18:25:39.345854508Z,503
solutionsmetrixcrmdev,esl,esl,{79955ff6-3c32-444f-96f9-cad17c4334f4},195,COMPLETED,develop,960bad124be51fe9a069bd307eeaca940c64eff1,2025-08-11T19:09:06.042660618Z,483
solutionsmetrixcrmdev,esl,esl,{6e75beb7-187b-49d4-b703-a0eaf4ad1258},196,COMPLETED,develop,6c996ad97ec2f565b01189d0fbec4632f71ac959,2025-08-11T20:53:51.672786869Z,541
solutionsmetrixcrmdev,esl,esl,{e7fe062b-c275-4b95-9977-0a06f9c60867},197,COMPLETED,develop,da0446d475e7f558fe88d99e45071fdcabd2107a,2025-08-12T12:45:19.314884622Z,571
solutionsmetrixcrmdev,esl,esl,{7bf517cd-6127-4c60-a800-c97911860870},198,IN_PROGRESS,develop,cc1bc0100ab3ad7c2f396e9ee941c08160380665,2025-08-12T12:48:04.551141185Z,0
solutionsmetrixcrmdev,esl,esl,{03bb0923-c671-4b10-a771-08c91efd1ab0},199,COMPLETED,develop,b4df4860e55d778cb1efdfbf4e0270ba5d6b3827,2025-08-12T12:51:43.915775951Z,776
solutionsmetrixcrmdev,esl,esl,{367b6783-33d0-4759-9a31-ca5e57dd9752},200,COMPLETED,develop,542e7356d60d8d0536809544f80c925d3385e243,2025-08-12T14:06:00.114942941Z,510
solutionsmetrixcrmdev,esl,esl,{0ed87271-bc3c-47da-894b-bf968773d82a},201,COMPLETED,release/2.2.11,542e7356d60d8d0536809544f80c925d3385e243,2025-08-13T01:49:39.043910269Z,564
solutionsmetrixcrmdev,esl,esl,{8f2eb2cb-e527-4cef-8fa7-237e2be1e752},202,COMPLETED,develop,b163b83d033b805ddb9b89d297664e27d3952ba7,2025-08-14T17:15:13.075769319Z,596
solutionsmetrixcrmdev,esl,esl,{3e97eeb4-18fd-4061-a7e2-ea26f94f61a4},203,COMPLETED,develop,2b6965ba6cd4b82c703ae4f619dd41b723acc95e,2025-08-14T20:50:07.031398125Z,562
solutionsmetrixcrmdev,esl,esl,{40d8e365-84ab-4f42-b08f-b64926b8b8c4},204,COMPLETED,develop,adc8c0d2435a7a502e9af5db7face830448b163f,2025-08-14T21:20:37.994680409Z,531
solutionsmetrixcrmdev,esl,esl,{514129e1-2618-4496-aa33-5944faac240f},205,IN_PROGRESS,develop,5ffa52f9fcd352d3a3227fd79fb51e7e564c5327,2025-08-14T21:27:25.985343716Z,0
solutionsmetrixcrmdev,esl,esl,{26f21d20-bfed-41af-99c3-ece763f53288},206,COMPLETED,develop,632af5dab1c453aad70fd338a2c2b35c501a7cd2,2025-08-15T02:49:02.878503565Z,664
solutionsmetrixcrmdev,esl,esl,{7bc76585-03e5-4d8c-9e9b-cfb8d7000237},207,COMPLETED,develop,e143139552f068e6a1866bd7ff967c29067aaff6,2025-08-15T18:02:15.878151241Z,642
solutionsmetrixcrmdev,esl,esl,{f380d427-4a57-420f-bdef-0b5f7b1fa35c},208,COMPLETED,develop,0b08caf7060735bf369283e5e8a842dc2b5daba2,2025-08-15T18:36:21.670908864Z,457
solutionsmetrixcrmdev,esl,esl,{5237fea5-9008-4973-86fa-b168507c64fd},209,COMPLETED,develop,779ddfbf8afa15f51c1f68b4fe9e7d98c0806a41,2025-08-15T18:51:50.944980918Z,799
solutionsmetrixcrmdev,esl,esl,{bc25513d-9f52-40a7-beae-a7428eabb28a},210,COMPLETED,develop,4de9983a94f74e6e2407f3c12ab3b0b5736715d7,2025-08-16T14:48:31.11675372Z,549
solutionsmetrixcrmdev,esl,esl,{d391b649-87fd-4ecd-b568-947b32d78447},211,COMPLETED,develop,7c1dd8027946cf13f6b886ac7e75014b34b24e96,2025-08-17T20:56:22.422612829Z,774
solutionsmetrixcrmdev,esl,esl,{160b74b2-7e65-4cc5-a4fa-a204c6e0ca19},212,COMPLETED,develop,0ad84d53bf8d9e149dad69612c436e50e366d732,2025-08-18T15:05:20.471526173Z,275
solutionsmetrixcrmdev,esl,esl,{342c8851-ebe3-43d9-9639-6497160f6b8b},213,COMPLETED,develop,f1328ef4eb96564f5536c39c74bd5dca7ed8ffbf,2025-08-18T15:12:07.745788504Z,862
solutionsmetrixcrmdev,esl,esl,{0fea0bb9-f973-460b-9860-be549e5f2af5},214,COMPLETED,develop,f8b120a5665894b46881ab0d39217f013326ee56,2025-08-18T16:17:52.979490174Z,559
solutionsmetrixcrmdev,esl,esl,{80ebce25-ceb4-41d4-908a-7717df2ad751},215,COMPLETED,develop,3ad400cfd47035860a67a02e9da11857341cddbd,2025-08-18T17:49:41.391670935Z,592
solutionsmetrixcrmdev,esl,esl,{188332b0-3bff-4020-9fc7-0b72e765a6d5},216,COMPLETED,develop,96c7a5b2bf53761e73828b425612021846b24cfa,2025-08-18T18:42:31.911451852Z,599
solutionsmetrixcrmdev,esl,esl,{c6f61396-c196-441e-8469-15e415877374},217,COMPLETED,develop,de4d2414bc6b4161393b1898a8705e35e6d06e0c,2025-08-18T20:35:25.448932366Z,477
solutionsmetrixcrmdev,esl,esl,{3bf90857-90bb-4314-8b3a-8492761cac92},218,COMPLETED,develop,f25d82d01bb8d515944178016b7cb3f2959440c6,2025-08-19T01:33:55.168437602Z,506
solutionsmetrixcrmdev,esl,esl,{7fc7d4d1-dd2e-4531-849f-e8e0a548b497},219,COMPLETED,develop,94b5cee3829b740098153e67979d356201198004,2025-08-19T01:38:34.352393716Z,541
solutionsmetrixcrmdev,esl,esl,{b050bf4a-4fac-4c23-bb1d-d53b0288968d},220,COMPLETED,develop,b066e35a4157406eab38cddc2faf691158e8e7b4,2025-08-19T16:26:08.528427727Z,693
solutionsmetrixcrmdev,esl,esl,{e5078cb8-779d-4bd4-a403-733014bf589f},221,COMPLETED,develop,3edcc44900094dd935b2d58e3bbfc7ab71df1d1a,2025-08-19T16:29:38.811436441Z,652
solutionsmetrixcrmdev,esl,esl,{a07a020a-cfaa-40de-8330-f9ad4af348c9},222,COMPLETED,develop,21e820bc7ed5d006c949635f98746ae1408f68f2,2025-08-19T16:43:51.18966786Z,951
solutionsmetrixcrmdev,esl,esl,{46dda097-f748-44f9-89c8-c6cb1785facc},223,COMPLETED,develop,bc20e925ac5db49009a9e02509314b92f295d571,2025-08-19T19:45:08.056867753Z,586
solutionsmetrixcrmdev,esl,esl,{551ffa2f-b2b3-4e98-b9bd-7d0ef12eb1c7},224,COMPLETED,develop,409e3097ff1c7948ad87a6f98ed744dd8be3afdb,2025-08-20T02:34:49.732186529Z,8
solutionsmetrixcrmdev,esl,esl,{13bb05d8-7fb5-4c32-9d0b-36af869a606f},225,COMPLETED,develop,d10e5701d1cc6097dd68a7510c04acb54abc5cda,2025-08-20T03:00:11.373578453Z,634
solutionsmetrixcrmdev,esl,esl,{5acf2edf-02aa-4526-bf71-576de459a21c},226,COMPLETED,release/2.2.12,d10e5701d1cc6097dd68a7510c04acb54abc5cda,2025-08-20T03:42:09.256538662Z,681
solutionsmetrixcrmdev,esl,esl,{eb8c9237-717c-4974-b98a-e133c03d8ed1},227,COMPLETED,develop,86316858c195c709117efb60353591cb01863523,2025-08-20T14:15:09.134045772Z,4749
solutionsmetrixcrmdev,esl,esl,{6ee7a69d-49c1-4e95-b2c4-d61cdecdd2e3},228,COMPLETED,develop,6dbf9ef4cf51bd606d8681f6dc126db5748fc6b0,2025-08-20T14:48:07.726532849Z,1819
solutionsmetrixcrmdev,esl,esl,{8ca2e112-4b46-4f1e-ac35-b92957e269c6},229,COMPLETED,develop,8268f1c38b7c6df3dc8fbc7c7f4b75f4ff4b9aaa,2025-08-20T17:00:51.662150947Z,1345
solutionsmetrixcrmdev,esl,esl,{b654805d-dbb3-462e-b0fb-482dde5baa50},230,COMPLETED,release/2.2.12,f3b1e3328672633861ba45991affd582228e94ad,2025-08-21T00:23:13.340038769Z,686
solutionsmetrixcrmdev,esl,esl,{cfb9a4a5-e761-4fd6-933c-59fcf9f39333},231,COMPLETED,develop,867192c0db18398ebedba5fa7bca12cfa71adde0,2025-08-21T02:11:57.760342522Z,1922
solutionsmetrixcrmdev,esl,esl,{d069a620-be5a-4d2a-a33b-21c5e16dc799},232,COMPLETED,develop,9c1bc11863d8bdcd6cf2888837550f6efaf2aabe,2025-08-21T02:44:38.373536372Z,7209
solutionsmetrixcrmdev,esl,esl,{a6c91ba8-2b7c-4430-9a7a-fcb70f250c3f},233,COMPLETED,develop,ec71312ec87ec6e2f7e336e3059da67e790dfc2f,2025-08-21T19:24:26.179756382Z,1069
solutionsmetrixcrmdev,esl,esl,{47b6e6c2-e0a1-4476-9db5-17ba84a24f04},234,COMPLETED,develop,301dc64e587b14b8abe6f8251819536ec56bac9f,2025-08-21T19:46:53.435645261Z,649
solutionsmetrixcrmdev,esl,esl,{b4ebe0d4-58a0-416a-8c7d-e87cc4b634b7},235,COMPLETED,develop,301dc64e587b14b8abe6f8251819536ec56bac9f,2025-08-21T20:16:59.309337511Z,579
solutionsmetrixcrmdev,esl,esl,{91775843-8473-4aec-a947-d5c0f6562773},236,COMPLETED,develop,a1f16bbd91aea88366a20ef3b4aee4891ae4b6c1,2025-08-21T20:47:54.155213516Z,194
solutionsmetrixcrmdev,esl,esl,{38075082-2d08-493e-aa8a-01db203d82af},237,COMPLETED,develop,a1f16bbd91aea88366a20ef3b4aee4891ae4b6c1,2025-08-22T13:03:37.216224575Z,589
solutionsmetrixcrmdev,esl,esl,{1d076b81-2426-4b52-b821-30e460b4caf5},238,COMPLETED,develop,fc1a3de78c6280dde9628a4561f2bfd626152ecb,2025-08-22T14:07:10.5491272Z,7
solutionsmetrixcrmdev,esl,esl,{d1146554-d32f-412f-91cc-465dca7f7e5d},239,COMPLETED,develop,e65c799c1fb65fa7e55fab1f8960051e0c1e76f6,2025-08-22T14:12:49.209912632Z,477
solutionsmetrixcrmdev,esl,esl,{915749c8-ca97-4828-b489-d04d08ad4166},240,COMPLETED,develop,1e05349a4d72de3579567f3803aaa80a2a63cf71,2025-08-22T16:23:17.87651698Z,611
solutionsmetrixcrmdev,esl,esl,{e3bd39cd-3e99-4c02-8600-baddfcb04151},241,COMPLETED,develop,4326a163d4fb724bf294168fdef76b01ff1be8e7,2025-08-22T17:26:32.669532483Z,659
solutionsmetrixcrmdev,esl,esl,{f3b577ba-7b73-412a-b967-d393e98b61ce},242,COMPLETED,release/2.2.12,fb428741b9199fb35edff827036d96fa2aa61350,2025-08-22T18:19:14.813896668Z,682
solutionsmetrixcrmdev,esl,esl,{993bb310-dc55-4095-8509-07af836baaf9},243,COMPLETED,develop,ecf3a40da7f130a7ee0956d1ea1993d8850824e1,2025-08-25T18:47:05.31562553Z,786
solutionsmetrixcrmdev,esl,esl,{a750f8c4-57d9-4cc1-a250-cc164d38cd33},244,COMPLETED,develop,1c541195c2fc412c0f499f4bdfdee7c6ba55318a,2025-08-25T19:04:49.314272444Z,747
solutionsmetrixcrmdev,esl,esl,{8f497cf1-7dda-450a-8d65-7b7fbc4934ab},245,COMPLETED,develop,a4c4b5bf1809b6dd1cc6dd05e31cf345b77d30e0,2025-08-25T20:02:07.537392075Z,7
solutionsmetrixcrmdev,esl,esl,{e181754a-f97a-459c-9399-44e3ce2e4f21},246,COMPLETED,develop,3f002fd567042bbc49bddf67427205fd0a61e1e7,2025-08-25T20:02:30.981875943Z,5
solutionsmetrixcrmdev,esl,esl,{8082b877-332e-4a8d-87c1-faddca5b2994},247,COMPLETED,develop,3f002fd567042bbc49bddf67427205fd0a61e1e7,2025-08-25T20:08:14.94249208Z,474
solutionsmetrixcrmdev,esl,esl,{4f8d2605-d460-44f5-a64b-15450fd17c35},248,COMPLETED,develop,8e230871a9f3cdd7f795edbc6c28b2cb4398e2f4,2025-08-26T12:48:40.559576774Z,1084
solutionsmetrixcrmdev,esl,esl,{11f8ffd5-a718-4ea2-a033-4e136156b863},249,COMPLETED,release/2.2.12,889fd0fcd446a177fd0ae6c8c4c3e0e6ccd9fd2c,2025-08-26T13:58:13.96087317Z,687
solutionsmetrixcrmdev,esl,esl,{a55216f2-0512-4190-a229-ea55bce62d19},250,COMPLETED,develop,0143734e3ae7140081ea741e9e3ebec59684672a,2025-08-26T16:36:29.05320832Z,856
solutionsmetrixcrmdev,esl,esl,{c45e5f80-2722-48fe-881d-3e73842e5164},251,COMPLETED,develop,b7e543eb9b72c17ebb77cc1f85d59224ca07e7d2,2025-08-26T18:27:07.788523424Z,636
solutionsmetrixcrmdev,esl,esl,{93065164-13f0-455d-93c6-ba538d642bbd},252,COMPLETED,develop,0042a8e10305cad8b9cc4f7f82187753f832c4b7,2025-08-26T19:53:36.75730695Z,568
solutionsmetrixcrmdev,esl,esl,{a3926fc4-3222-4ee2-8dc8-10a6c1d0aa9a},253,COMPLETED,develop,1eab55e02cef6b7e4ca0908cf7448b2fa407affd,2025-08-26T19:54:28.392039316Z,673
solutionsmetrixcrmdev,esl,esl,{a8520b26-5b5b-4948-86c3-8c4124933972},254,COMPLETED,develop,651ff249bfba7bd21754afe3a99669c4b0305a40,2025-08-27T15:02:23.30430722Z,605
solutionsmetrixcrmdev,esl,esl,{115c4874-efaa-4932-82a0-0773aa316fd5},255,COMPLETED,develop,71b01a2d68fe11c456c71fe51e49689cf670441f,2025-08-27T15:55:29.575999613Z,0
solutionsmetrixcrmdev,esl,esl,{fa842109-99da-434c-9e89-a59c2e0a02be},256,COMPLETED,develop,71b01a2d68fe11c456c71fe51e49689cf670441f,2025-08-27T15:56:41.00222614Z,0
solutionsmetrixcrmdev,esl,esl,{6e86ad4d-21da-4b68-9889-e381218eeda1},257,COMPLETED,develop,71b01a2d68fe11c456c71fe51e49689cf670441f,2025-08-27T15:57:39.86037359Z,0
solutionsmetrixcrmdev,esl,esl,{abe12209-9c8e-4b3a-9874-a60221d8c0e2},258,COMPLETED,develop,71b01a2d68fe11c456c71fe51e49689cf670441f,2025-08-27T16:01:36.30223308Z,0
solutionsmetrixcrmdev,esl,esl,{2601a2f1-011f-4032-995a-22afacc17d99},259,COMPLETED,develop,71b01a2d68fe11c456c71fe51e49689cf670441f,2025-08-27T16:09:53.195914729Z,469
solutionsmetrixcrmdev,esl,esl,{fdc1cfae-8f3b-4eed-b87e-dd269cfb1145},260,COMPLETED,develop,3211171a19e2839fb4480d547c8c1b0fd054ed56,2025-08-27T21:05:47.007174687Z,586
solutionsmetrixcrmdev,esl,esl,{375fe635-d790-4afa-912e-d2e69688abd0},261,COMPLETED,release/2.2.12,d3a749dab5429d8cfa3b8268732853d0e26b7f43,2025-08-27T21:06:42.800168884Z,780
solutionsmetrixcrmdev,esl,esl,{90dc0dd7-068b-4692-8f40-0b80be7383db},262,COMPLETED,release/2.2.12,d3a749dab5429d8cfa3b8268732853d0e26b7f43,2025-08-27T21:19:47.371658516Z,516
solutionsmetrixcrmdev,esl,esl,{d6f75700-22a4-4199-87c8-e6ad158010b1},263,COMPLETED,develop,ada669087159e20b9e327bcfa9c072417772e185,2025-09-03T15:55:00.571180505Z,649
solutionsmetrixcrmdev,esl,esl,{c32fcd9b-371f-4a3f-bc01-15c6ccd78eb0},264,COMPLETED,develop,ada669087159e20b9e327bcfa9c072417772e185,2025-09-03T16:05:52.768622864Z,701
solutionsmetrixcrmdev,esl,esl,{3c17be66-d9d7-441a-b6e7-68e82ef13297},265,COMPLETED,develop,806b36219a01dbd575ec303b000b723e28f5477a,2025-09-03T23:56:38.90921019Z,7205
solutionsmetrixcrmdev,esl,esl,{acbdece6-fd5b-4f59-a1aa-0d3a2586358f},266,COMPLETED,develop,806b36219a01dbd575ec303b000b723e28f5477a,2025-09-04T13:02:39.094555745Z,693
solutionsmetrixcrmdev,esl,esl,{d1ec6f75-c1cc-46ec-a0e3-7292132883a0},267,COMPLETED,develop,9e97c1dbcfd41883045be58280c609b82ce81956,2025-09-04T15:59:18.367586908Z,932
solutionsmetrixcrmdev,esl,esl,{b321ec33-72c5-419a-95ec-065e8a6aee24},268,COMPLETED,develop,284807e514ec7aa3078f4a391a348858cb7885a9,2025-09-05T14:51:09.025572257Z,764
solutionsmetrixcrmdev,esl,esl,{f25d18b7-4576-42fc-ac9c-a23bbcdea1bd},269,COMPLETED,develop,76687c9efdb1510890891c4e81516a89ac1f3369,2025-09-05T16:08:34.960880735Z,759
solutionsmetrixcrmdev,esl,esl,{898cc1a7-539c-4d42-b99d-7d81010f0d0a},270,IN_PROGRESS,develop,8b0f8926af6854e261697885143c48b229d63b3d,2025-09-05T16:10:00.720423188Z,0
solutionsmetrixcrmdev,esl,esl,{16190c38-1f7e-4882-8bb5-69300a704bdf},271,COMPLETED,develop,bb414f3755f1ee65798eed9ac880ad2f9c0df963,2025-09-05T16:13:22.046167664Z,1065
solutionsmetrixcrmdev,esl,esl,{ba1b64e6-0915-4839-9a44-3337a9906f25},272,COMPLETED,develop,17c88ab1fe2a5e11cfd2f6b29838bcb4ee2f75ee,2025-09-05T20:38:42.485139066Z,631
solutionsmetrixcrmdev,esl,esl,{a2864311-4143-47f8-97d0-2b86c7cc3a99},273,COMPLETED,develop,ed741ad1badb4900497ec5ae9142c375e8a0bba6,2025-09-05T21:21:29.171953314Z,501
solutionsmetrixcrmdev,esl,esl,{5c3b86f6-303d-466f-82f4-063ce28b5cdc},274,COMPLETED,develop,5cf0aa30bc4012dcce3f17784ce95cb063e9002d,2025-09-08T19:16:33.221964365Z,3937
solutionsmetrixcrmdev,esl,esl,{2924465b-52a0-42ab-9393-6d52ef70550b},275,COMPLETED,develop,29f4a06fcb59c4db3807228ace25e5835ca73eb5,2025-09-08T20:21:30.327205161Z,649
solutionsmetrixcrmdev,esl,esl,{6268488b-95ad-4356-86f1-913649b8b283},276,COMPLETED,develop,1f2af96a1b9f7b342b704f1ae75f730185cf6a66,2025-09-09T17:42:36.892805259Z,584
solutionsmetrixcrmdev,esl,esl,{6db472e9-64e5-46b9-b7dc-5f366f70841a},277,COMPLETED,develop,1f2af96a1b9f7b342b704f1ae75f730185cf6a66,2025-09-09T17:55:04.521402077Z,481
solutionsmetrixcrmdev,esl,esl,{8f32e07e-7853-43d1-b7b6-79108cba8110},278,COMPLETED,develop,1132723fd5884e3748d2a99a0233f701012b5eca,2025-09-09T20:25:56.881057829Z,581
solutionsmetrixcrmdev,esl,esl,{39ad06e2-d1a9-40ec-b1e8-c18a63a130d5},279,COMPLETED,develop,1132723fd5884e3748d2a99a0233f701012b5eca,2025-09-09T20:35:41.613859708Z,1338
solutionsmetrixcrmdev,esl,esl,{3bf3a6e1-4229-4f21-b353-fc7697bf47b0},280,COMPLETED,release/2.2.13,1132723fd5884e3748d2a99a0233f701012b5eca,2025-09-09T21:53:06.850852465Z,871
solutionsmetrixcrmdev,esl,esl,{25baa0d0-c92c-4697-9e94-cf88690d9ba3},281,COMPLETED,develop,9f0511bc6cb4b36daf10e2c0975854cff6681261,2025-09-11T03:07:59.426584597Z,7205
solutionsmetrixcrmdev,esl,esl,{53656cec-2773-41f8-9fa4-c80ec68dda31},282,COMPLETED,develop,5fbd7c23181d8e4143f3e547bb26181ca636161f,2025-09-11T15:00:22.36859294Z,7205
solutionsmetrixcrmdev,esl,esl,{e7c8dde9-9614-4b95-8201-ebf4e4c0b5b3},283,COMPLETED,develop,9f0511bc6cb4b36daf10e2c0975854cff6681261,2025-09-11T16:32:58.021605746Z,0
solutionsmetrixcrmdev,esl,esl,{4e5391ed-a573-4558-b688-748afeae7f6f},284,COMPLETED,develop,9f0511bc6cb4b36daf10e2c0975854cff6681261,2025-09-11T17:01:45.995659831Z,269
solutionsmetrixcrmdev,esl,esl,{79904e95-e2ff-4ec1-8437-1d4d5888bdc8},285,IN_PROGRESS,develop,e4716b439c7a6d71c005fb6ba56d969bc1dd7d49,2025-09-11T17:02:43.697136089Z,0
solutionsmetrixcrmdev,esl,esl,{ddff1087-b174-4684-b9dd-62e2d7fa6860},286,IN_PROGRESS,develop,8fcb0b6b5c7ab2a7c5b5ea63e34479079777fab7,2025-09-11T17:03:17.19741715Z,0
solutionsmetrixcrmdev,esl,esl,{61bfb384-92ca-4d96-9102-720fb4072b90},287,COMPLETED,develop,e3afe66bc029f6282fc74d6925ff308f13ee2500,2025-09-16T17:27:19.718120899Z,788
solutionsmetrixcrmdev,esl,esl,{a6e239f6-9562-4abd-920f-f3d48441dff6},288,COMPLETED,develop,ec4a7f016c07915b480eaf5d191ad6fa28dd5ffd,2025-09-18T19:50:52.693792672Z,948
solutionsmetrixcrmdev,esl,esl,{de0c50f6-9b87-4548-8957-e828d7b8e68d},289,COMPLETED,develop,d416129ef11552accc5bb2bc485c757f42f912d1,2025-09-19T15:48:04.261575531Z,590
solutionsmetrixcrmdev,esl,esl,{287a010d-3da5-4125-9548-b1a4de0563d8},290,COMPLETED,develop,b30c3b215fb4a77744d59ab36c65a2041c925325,2025-09-19T15:49:09.288976298Z,589
solutionsmetrixcrmdev,esl,esl,{8adec76d-ce65-485a-a890-781acc2fa0ec},291,COMPLETED,develop,00c0372e65c82a1df25015515c577406c6fef8d8,2025-09-19T20:43:50.914023043Z,623
solutionsmetrixcrmdev,esl,esl,{318acfd0-03cf-44be-a768-5c2eaa1f2eda},292,COMPLETED,develop,ee7c437769c4c0521590c9f0448f31c73e1b90d9,2025-09-19T21:25:39.338954805Z,571
solutionsmetrixcrmdev,esl,esl,{ba7bf969-db32-4e8d-a1c2-c86121b90d23},293,COMPLETED,develop,d5382ebe0d46f220e619053b20261e35435caeeb,2025-09-22T20:51:22.468208049Z,695
solutionsmetrixcrmdev,esl,esl,{5fc7b734-ef80-4534-9f6e-f264e898c997},294,COMPLETED,develop,c618def7f41defa18367a28c03130c4d2fcfae65,2025-09-23T02:29:50.628296174Z,736
solutionsmetrixcrmdev,esl,esl,{9527d588-1577-4660-a698-5cd86d811d7f},295,COMPLETED,develop,67edf331a7f6d4628a83889a34937f59cf01379b,2025-09-23T12:13:14.343537717Z,588
solutionsmetrixcrmdev,esl,esl,{a7bae09a-9884-4970-8793-16df8c6637da},296,COMPLETED,develop,23feb1a975f7684d95ed070b7c6980432c3e17e1,2025-09-23T14:56:48.618204487Z,16
solutionsmetrixcrmdev,esl,esl,{7a767220-b249-44f8-8edb-0cbd91cb691d},297,COMPLETED,develop,23feb1a975f7684d95ed070b7c6980432c3e17e1,2025-09-23T15:05:14.039576709Z,585
solutionsmetrixcrmdev,esl,esl,{e3b5b675-912d-40a4-b52b-7447c711d159},298,COMPLETED,develop,0eeeec4a17b2d2b25ac663b38a8cce804b700751,2025-09-23T15:31:22.795006073Z,912
solutionsmetrixcrmdev,esl,esl,{365cd911-a3c5-4dd7-9d8c-fa44d7e6d101},299,COMPLETED,develop,e1a2176092a271d95d4a9c125ff6e4a27aa930ee,2025-09-23T15:46:53.435177306Z,685
solutionsmetrixcrmdev,esl,esl,{d74c0e4e-b9a9-426f-9307-354a348d2bc4},300,COMPLETED,develop,4a88355dec109cb3acf85022b7d8b838489e846a,2025-09-23T16:25:00.599154206Z,1273
solutionsmetrixcrmdev,esl,esl,{c947bd5f-977d-4f41-b686-aff1aeb52735},301,COMPLETED,develop,53d22de3c2fa0aefca1de35ca97fd69064928a77,2025-09-23T16:48:02.313169112Z,741
solutionsmetrixcrmdev,esl,esl,{a18f6aba-5a22-45ad-b23e-f447c57a0a13},302,COMPLETED,release/2.2.14,53d22de3c2fa0aefca1de35ca97fd69064928a77,2025-09-23T21:10:11.377717564Z,1303
solutionsmetrixcrmdev,esl,esl,{84e5c4c8-3348-45bb-9882-2c49c83795ea},303,COMPLETED,release/2.2.14,53d22de3c2fa0aefca1de35ca97fd69064928a77,2025-09-23T21:32:01.858974891Z,396
solutionsmetrixcrmdev,esl,esl,{ff27c0cd-1d41-4c7b-89df-64652f309e5d},304,COMPLETED,develop,ac8f6240d1823a785dacdc32411d5936674bd577,2025-09-24T12:14:42.744256656Z,938
solutionsmetrixcrmdev,esl,esl,{87f2a9c9-468b-4982-aa20-7dd323feeec9},305,COMPLETED,develop,a1ccaf398a7b7d7ef26a285d2887c8247faeac85,2025-09-24T14:16:50.002084717Z,743
solutionsmetrixcrmdev,esl,esl,{5269ddd1-e9a0-4288-8934-2c41eac77f53},306,COMPLETED,develop,1f5bf24b49376183aa52aa2f0f26d6b2f0f9e686,2025-09-24T16:31:14.453494908Z,661
solutionsmetrixcrmdev,esl,esl,{19812c30-7485-4eca-8517-463d081b0a2b},307,IN_PROGRESS,develop,b577c0e211fa0a92de875f35659e8c7616c4d486,2025-09-24T16:34:45.871833935Z,0
solutionsmetrixcrmdev,esl,esl,{8f590dc9-fe38-400b-9cee-7113758c7c52},308,COMPLETED,develop,1c43f81466d09b58e6eb0c8f13edf64c32f51df8,2025-09-24T16:45:23.219600331Z,1208
solutionsmetrixcrmdev,esl,esl,{f245e6b2-6df6-46fc-b4be-d1a57aa52070},309,COMPLETED,develop,c4cf3060b736ee76bb36f7264946c84944a50e2d,2025-09-24T21:13:54.232397519Z,324
solutionsmetrixcrmdev,esl,esl,{de6842f2-1902-4a61-b4e3-2f7bb1a22cef},310,COMPLETED,develop,dd92db6b75a664e360eefc9bb6d74c1d02838e83,2025-09-25T13:22:24.213626521Z,782
solutionsmetrixcrmdev,esl,esl,{304bc2aa-c2c8-4b16-ad6c-b734c388c5d3},311,COMPLETED,develop,667ee8a21627fbc527f4d7fe56bbb067fe8315bf,2025-09-25T20:11:39.243887572Z,354
solutionsmetrixcrmdev,esl,esl,{2289ad22-9fea-4516-a79f-e03250f225c6},312,COMPLETED,develop,1c614d4443689329c4ddf6de5f959dcb526d7962,2025-09-26T14:36:08.859760451Z,462
solutionsmetrixcrmdev,esl,esl,{34c3a5e1-7773-4be4-9b15-3539705b65b0},313,IN_PROGRESS,develop,6eea77bbb66c1d1318f120090869cc5f2f01f9b9,2025-09-26T14:41:58.495186465Z,0
solutionsmetrixcrmdev,esl,esl,{b517691a-3f72-45fe-bcd7-c8de00eded2a},314,COMPLETED,develop,f3d9243e99234005c63ec8759eb5b650e9544c7a,2025-09-26T14:45:48.589149034Z,782
solutionsmetrixcrmdev,esl,esl,{a68f1c9a-19a7-47bf-be43-221a10126325},315,COMPLETED,develop,655dbcd85090eb333fd705693905228b8242141d,2025-09-26T16:07:27.618105976Z,362
solutionsmetrixcrmdev,esl,esl,{834d02da-600d-4885-b523-ed8d056a51dd},316,COMPLETED,develop,49e39742d66f0870aa0b0670dc0c18927da92ecf,2025-09-26T17:55:21.118523392Z,461
solutionsmetrixcrmdev,esl,esl,{89ef2f94-1fd5-44e7-b3a4-90db56db3485},317,COMPLETED,develop,d89bb0196fe2becaacace39aff01034368bae041,2025-09-29T01:46:27.032576507Z,526
solutionsmetrixcrmdev,esl,esl,{f0bdad92-f1ed-4ef4-a5c0-b86313840027},318,IN_PROGRESS,develop,7ee3d05b2725e365a86103c591c86028cd57902e,2025-09-29T01:52:12.0121076Z,0
solutionsmetrixcrmdev,esl,esl,{709e5b5b-1ec1-4d14-a852-4786c44e0904},319,COMPLETED,develop,20c7d8934361e9f291a02c6751373e4bd3de691b,2025-09-29T01:54:21.640724641Z,711
solutionsmetrixcrmdev,esl,esl,{adb4c121-7dcb-4d0f-a6d8-f479ecc1534e},320,COMPLETED,develop,e1ed171a8432f3f2fb9feebbd4874734c4e6c67f,2025-09-29T13:09:03.929973595Z,672
solutionsmetrixcrmdev,esl,esl,{a0a0c754-a599-4a29-bd7a-6b0665a1f1ac},321,COMPLETED,develop,f500d3e53a77b353fe79f6ea6b82e6bda9466347,2025-09-30T18:57:52.561730316Z,667
solutionsmetrixcrmdev,esl,esl,{dfa1ce18-4b42-4595-94b7-6717f2038420},322,COMPLETED,develop,09bf9ea3eacc8e32395b51faaddfc860f42754b1,2025-10-01T14:34:03.087080381Z,418
solutionsmetrixcrmdev,esl,esl,{d5f28a52-0be1-479d-854a-bb0b3ab43968},323,COMPLETED,develop,a129bdb066867364c9179450aecf4ef9fbcffcfb,2025-10-01T14:55:00.351051549Z,848
solutionsmetrixcrmdev,esl,esl,{8d1f54d4-7f5d-4680-be45-4345aa22cd21},324,COMPLETED,develop,6a65f42a8f153059952258cf2f034a1299c6b580,2025-10-01T16:29:53.753835495Z,893
solutionsmetrixcrmdev,esl,esl,{9ae8d8e6-fbae-4583-be88-432f5a4b9a28},325,COMPLETED,develop,23c87dc5e41c10706c354418821d2f6bb4581154,2025-10-01T20:35:41.784105884Z,381
solutionsmetrixcrmdev,esl,esl,{1e7741b8-1d48-40a7-a852-ff95e3362725},326,COMPLETED,develop,32abd64ee192e218edf8a2a50aebea25dae75749,2025-10-02T17:56:20.354477197Z,580
solutionsmetrixcrmdev,esl,esl,{8ba8caca-c662-4bf8-ab01-8a0e5cdb2cae},327,COMPLETED,develop,8429aac24f04af18d8c013e6cba3cb77e60df721,2025-10-03T13:18:42.571817582Z,471
solutionsmetrixcrmdev,esl,esl,{c51b51b8-cb99-4218-b77d-5a7a1af3342a},328,COMPLETED,develop,748bd953d46909c7fe542320dae89e2c37c418e5,2025-10-03T13:50:15.893405645Z,1452
solutionsmetrixcrmdev,esl,esl,{fe627d1a-d8b6-4c79-82f6-fd9ad9ba2251},329,COMPLETED,develop,87c8ea778396847685054e6663820f0d62da03ab,2025-10-03T20:06:34.961216782Z,405
solutionsmetrixcrmdev,esl,esl,{e1b22eb2-ec7c-4622-a0e4-31836ea09923},330,COMPLETED,develop,22beff1442576a1b391bdacc6f015cb960e7e78e,2025-10-06T14:02:13.00847771Z,430
solutionsmetrixcrmdev,esl,esl,{a600eda1-e8d3-4a69-9d7e-a8d33a87f051},331,COMPLETED,develop,0f1ef6880b01124870d663379d6136777d11e0a0,2025-10-06T14:48:45.708470594Z,421
solutionsmetrixcrmdev,esl,esl,{025d283e-e2e3-4dfb-add1-e1057321a1c9},332,COMPLETED,develop,ba7ea3830319216b9449a90e2b9c99c05e2dbd36,2025-10-06T15:59:41.386429642Z,665
solutionsmetrixcrmdev,esl,esl,{59209f80-d5cf-46a8-942f-9b29434656e0},333,IN_PROGRESS,develop,d21f6c5b620e2ad45b73a4949efe15782c1c266f,2025-10-06T16:00:37.130459436Z,0
solutionsmetrixcrmdev,esl,esl,{19e6d5ca-aa20-48c6-9525-75341faf781d},334,IN_PROGRESS,develop,0f2baebcab540acb6c041cc2d6d9b6129fa5a40b,2025-10-06T16:01:25.30632271Z,0
solutionsmetrixcrmdev,esl,esl,{78430ae4-7ec4-4f45-8e4b-ce6ee77a6f73},335,COMPLETED,develop,48c83e60591a60da4c0b0a995961f5067fd0e828,2025-10-06T16:11:24.976169789Z,565
solutionsmetrixcrmdev,esl,esl,{a6f91043-0f33-42e0-9c40-c8a278bff58d},336,COMPLETED,develop,e20d984963acc609e2056cc9080478576a16a81d,2025-10-06T21:05:04.905466783Z,435
solutionsmetrixcrmdev,esl,esl,{c6037a8a-3216-4ac4-9cc2-124552d4bc89},337,COMPLETED,develop,f50927651ec0e03d2ff9a9333c6475317cc042e1,2025-10-06T21:15:29.994210078Z,607
solutionsmetrixcrmdev,esl,esl,{5c2448b2-554e-41cb-9ca1-5d05d89bdda6},338,COMPLETED,develop,f3cc837a7e2598838936012103176512eefa31ec,2025-10-07T12:58:38.439635385Z,694
solutionsmetrixcrmdev,esl,esl,{c78b7f3d-7b0d-4fcd-93e6-52f6364474f8},339,COMPLETED,develop,3492a06bd48e7f619c32c13ee488ce2151fff146,2025-10-07T19:44:55.476074025Z,454
solutionsmetrixcrmdev,esl,esl,{0eacc3e0-4cca-44ce-8b60-7ed75b8c36db},340,COMPLETED,release/2.2.15,3492a06bd48e7f619c32c13ee488ce2151fff146,2025-10-07T20:30:44.19871389Z,709
solutionsmetrixcrmdev,esl,esl,{b3e7b6a4-4f52-454c-8a08-4330d131a155},341,COMPLETED,develop,23804a8154a0a86966693f58637e14e7dbc66b9c,2025-10-08T19:01:43.471935428Z,568
solutionsmetrixcrmdev,esl,esl,{c4e8fd92-38df-4f59-9727-44c98f89cb66},342,COMPLETED,develop,2fc9a594d8e777dbd87e8599dd7b4fb771d8b603,2025-10-08T19:02:35.812058201Z,679
solutionsmetrixcrmdev,esl,esl,{4fab512b-1125-4670-9108-349e1afb9694},343,COMPLETED,develop,e046b7261e53bec513192ffb06cac470297d54dc,2025-10-10T16:08:08.000449231Z,372
solutionsmetrixcrmdev,esl,esl,{bc946c6a-7172-4e21-a750-cdc345511712},344,COMPLETED,develop,5d9f0f5e1c68e30defd7392c67ee4afb47611797,2025-10-10T17:39:32.167036773Z,468
solutionsmetrixcrmdev,esl,esl,{2014c49b-2604-4e57-bc83-e3073abcc4c0},141,COMPLETED,release/2.2.10,7b06c867b33ae3e8c5b2a33dd1e240467ea68353,2025-07-22T18:51:35.972456457Z,713
solutionsmetrixcrmdev,esl,esl,{3e29e65e-bf67-489c-bee9-ad737ae925c4},142,COMPLETED,develop,ed0a4dc429936ab6c760405358d08f724e2a9ba0,2025-07-23T16:25:31.866058263Z,785
solutionsmetrixcrmdev,esl,esl,{977e4a87-b758-4b58-bc13-9843ca72a33e},143,COMPLETED,develop,9b66936229b85147d2aae2cdfec282babc91b596,2025-07-23T16:30:20.910723057Z,496
solutionsmetrixcrmdev,esl,esl,{2c2a95ae-f52e-4f49-9dff-8de42ed3bd19},144,COMPLETED,develop,6bf7e11e03acaea034d573c787c78700efd03217,2025-07-23T17:12:29.008839652Z,611
solutionsmetrixcrmdev,esl,esl,{499eba05-540e-463c-b8a4-08019b6f8c86},145,COMPLETED,develop,6ecbbd4a36b1f6dd08d9526cbb6ef2b52901b484,2025-07-24T19:27:42.421304987Z,739
solutionsmetrixcrmdev,esl,esl,{9fd6eb6a-d16d-4daf-8de8-d32c5e64d64b},146,COMPLETED,develop,a128be7687075670ceb4405c7ae0b624484d8b2b,2025-07-24T19:53:59.463051745Z,982
solutionsmetrixcrmdev,esl,esl,{2db443e2-3667-43ef-b73c-d29fe45c9359},147,COMPLETED,develop,48146056200a1c48e1df1921f9306137b5990f0b,2025-07-24T21:43:32.337895057Z,712
solutionsmetrixcrmdev,esl,esl,{6174a566-c5af-4f4b-b224-9ae7714a6087},148,COMPLETED,develop,d022cb5a6fcb1533d99c4d215783b8112a0af67f,2025-07-24T22:40:30.248939278Z,529
solutionsmetrixcrmdev,esl,esl,{594c0b10-3dd5-428e-b24c-d3cee5dd75dc},149,COMPLETED,develop,f39741b6b343bad504eca5e8550cb320b40f4c8a,2025-07-24T22:51:56.589201094Z,657
solutionsmetrixcrmdev,esl,esl,{0adfa1f3-8fba-4b44-ade6-b9d8f7e4a880},150,COMPLETED,develop,a3d18191d4bfd0c0e51cdf30893ddaf7c6db25be,2025-07-25T14:13:11.818921016Z,531
solutionsmetrixcrmdev,esl,esl,{9010538d-cd7e-4f8c-8502-6e8ab6fc0343},151,COMPLETED,develop,a619e12e95a2c759a3caffdd222f8cd33164acf4,2025-07-25T14:17:27.408408069Z,732
solutionsmetrixcrmdev,esl,esl,{a707365e-2baf-4dfd-8137-47ef20a28135},152,COMPLETED,develop,af7f1102cea8538fe54023e316ab31fdd3b6f4e7,2025-07-25T16:10:13.207753271Z,480
solutionsmetrixcrmdev,esl,esl,{114c5fda-9406-48f8-b784-a64f75e9d799},153,COMPLETED,develop,0242e8fe17fff173ea771642de9e0bfbe79850ed,2025-07-25T18:42:07.701085135Z,492
solutionsmetrixcrmdev,esl,esl,{c02eb6b9-f947-466d-bd93-ed421df6644c},154,COMPLETED,develop,7b1170d9439c5236837089b851cdc35b5b096243,2025-07-25T21:03:21.641995707Z,495
solutionsmetrixcrmdev,esl,esl,{13be7685-5332-46f8-b036-5a4148f6474d},155,COMPLETED,develop,07b1ac6766a0632a3a90828bf7c483ee3f556c56,2025-07-25T23:07:01.564801194Z,545
solutionsmetrixcrmdev,esl,esl,{8705ea06-d456-46be-b75e-d67c915e8244},156,COMPLETED,develop,7ad798c78dacdaa30bc2aa643c0a1dd974cad063,2025-07-28T16:23:52.380980812Z,844
solutionsmetrixcrmdev,esl,esl,{890fb91d-a0eb-40b5-a124-6e76f43bfa8c},157,COMPLETED,develop,b49dfd67883e58dc3509977709b5aba0a7d55539,2025-07-28T18:14:02.492198571Z,404
solutionsmetrixcrmdev,esl,esl,{cc49a33c-340c-4423-a686-3c63012c5d82},158,COMPLETED,develop,9d74962fe7fa76cad5c41e3c1e4bb1456fc0d1ff,2025-07-28T18:14:58.640734667Z,500
solutionsmetrixcrmdev,esl,esl,{eaecd357-3e83-4963-bf50-f393ff6d72e2},159,COMPLETED,develop,a85bc5413b5ce3520bf61bf5d9c49c02cbb26574,2025-07-28T20:04:06.440348459Z,480
solutionsmetrixcrmdev,esl,esl,{cc2147c2-7463-4d9c-b8d6-e32ae953f2af},160,COMPLETED,develop,8629d5139a1c34e39c4fbb7a1d8fad86096b0a29,2025-07-29T19:21:02.869342252Z,847
solutionsmetrixcrmdev,esl,esl,{f5031bad-ba6f-438b-86e8-fcb191448eaf},161,COMPLETED,develop,48b3f916c77751aaeacfc1025083fbbe5b28f093,2025-07-29T19:28:00.92296776Z,829
solutionsmetrixcrmdev,esl,esl,{325aa041-b673-46ef-8c63-3907d4699ea7},162,COMPLETED,develop,a6e486cf516206d4aa7a1b6f0c1ab497f2b815d5,2025-07-29T21:23:02.721834641Z,884
solutionsmetrixcrmdev,esl,esl,{ac5e0cd7-66e7-4e42-b591-4d186aae8d15},163,COMPLETED,release/2.2.10,60f7047154db57b305671f312371fce72e6ca39c,2025-07-29T21:33:33.683853882Z,879
solutionsmetrixcrmdev,esl,esl,{882ae10d-dc74-4e00-9dd8-1bc676ffe386},164,COMPLETED,develop,b22c1b33c356f98b291761eda320da5fec298a06,2025-08-01T19:14:51.140232066Z,753
solutionsmetrixcrmdev,esl,esl,{d8827143-b6e4-4874-aa72-00625296a346},165,COMPLETED,develop,d95a66a99c05b3f6d92fccaf4d860b1e51152fef,2025-08-01T20:18:38.758227423Z,386
solutionsmetrixcrmdev,esl,esl,{3d6b5cc6-667e-4d10-ab61-acb1c4d5433f},166,COMPLETED,develop,682be619759d2bf7af807259858dba5c671eb89e,2025-08-02T01:31:07.545489112Z,916
solutionsmetrixcrmdev,esl,esl,{3e4701a8-f50a-4a6d-8812-d5d3c70752d5},167,COMPLETED,release/2.2.10,e65c4c4cbef5d6166f98fe0a7441528392bab6c3,2025-08-02T01:49:06.228733516Z,809
solutionsmetrixcrmdev,esl,esl,{bb429a03-b106-4b67-84fe-88a0f221f378},168,COMPLETED,develop,6e98c94c264eddbfc3df76d10c8e99a378aa5f0c,2025-08-04T20:51:04.721014831Z,851
solutionsmetrixcrmdev,esl,esl,{46a034ff-3737-47ab-8bfa-a0066b45adf1},169,COMPLETED,develop,a8d9bdc68420117ac6ac8c627f33a9bb62290a3d,2025-08-04T21:18:29.948149654Z,1985
solutionsmetrixcrmdev,esl,esl,{08eede7b-4f42-4825-96d6-b7ddf69dcf1d},170,COMPLETED,develop,a8d9bdc68420117ac6ac8c627f33a9bb62290a3d,2025-08-04T21:51:38.32436779Z,448
solutionsmetrixcrmdev,esl,esl,{bb0586f4-6e76-49c6-b99e-fd6879657a4c},171,COMPLETED,develop,7a8a48f496edbb25d60139cd6362c634d96296e1,2025-08-05T13:22:39.818042653Z,940
solutionsmetrixcrmdev,esl,esl,{d0e68f42-158b-4d48-9c0b-321369949aa4},172,COMPLETED,develop,f6cf9156bb455c16b552bcd899c823af2fd8c1d9,2025-08-05T15:23:54.254895805Z,536
solutionsmetrixcrmdev,esl,esl,{5f0ae679-e599-4e13-89f4-4680a5781fbf},173,COMPLETED,develop,0975c43dd5fe838dd50b900382a765e580c05c1e,2025-08-05T16:45:19.311413594Z,563
solutionsmetrixcrmdev,esl,esl,{6d961f6b-aa40-4f21-9ce5-5607884d5581},174,COMPLETED,release/2.2.10,3cd1628bbe5a42034b91ae4f7dd5262f9edccab7,2025-08-05T18:40:51.247029948Z,1043
solutionsmetrixcrmdev,esl,esl,{ae8445e2-57da-4684-8966-39b3bbed5ae6},175,COMPLETED,release/2.2.10,3cd1628bbe5a42034b91ae4f7dd5262f9edccab7,2025-08-05T18:58:18.127198388Z,647
solutionsmetrixcrmdev,esl,esl,{d89d45a8-617b-4bd2-98ad-8ce8f29e7e8a},176,COMPLETED,develop,0842c5b41c454d70e212f42adc50359b071b78a3,2025-08-06T20:36:05.190233491Z,7208
solutionsmetrixcrmdev,esl,esl,{25826866-582b-4d20-ba82-118c09981d49},177,COMPLETED,develop,0842c5b41c454d70e212f42adc50359b071b78a3,2025-08-07T00:12:54.158172708Z,439
solutionsmetrixcrmdev,esl,esl,{42e0c7d7-eb16-451f-8268-d45a9b094ae6},178,COMPLETED,release/2.2.10,fd0d9931597a01766ca0306e07f3e309782e67ad,2025-08-07T00:34:15.405277103Z,576
solutionsmetrixcrmdev,esl,esl,{2074e411-a651-4c54-b5fa-686c666d37ef},179,COMPLETED,develop,4350747f81db668810091f2b3bbd4d74900ca4be,2025-08-07T13:17:47.717575991Z,1696
solutionsmetrixcrmdev,esl,esl,{e643bb89-cde6-4f9d-a220-1e0e95ec212c},180,COMPLETED,develop,4350747f81db668810091f2b3bbd4d74900ca4be,2025-08-07T13:46:08.218545083Z,878
solutionsmetrixcrmdev,esl,esl,{bd8cbf6e-2416-4faa-97eb-5372d40dc307},181,COMPLETED,develop,e5af7f933be9c1393df6dfe3273cbe794ee6592f,2025-08-07T17:44:33.504752126Z,817
solutionsmetrixcrmdev,esl,esl,{052acf62-17eb-46f7-bf00-225a64e0487e},182,COMPLETED,develop,99cb10deb7b59d385072dc715dc507eaf24053d1,2025-08-07T20:12:05.337083042Z,527
solutionsmetrixcrmdev,esl,esl,{4dee6444-5a92-442f-b347-7f8b4c696d29},183,COMPLETED,develop,2bdc05a4ff58ba7c0613da9b075131a61adfbc47,2025-08-08T13:32:52.038878082Z,690
solutionsmetrixcrmdev,esl,esl,{495d3744-0df6-458d-a75b-6bc56a4ad7eb},184,COMPLETED,develop,8d26627ab2e476708a0776a6d4e217cd901258eb,2025-08-08T13:38:03.053031275Z,711
solutionsmetrixcrmdev,esl,esl,{804a4cf3-0e27-47f1-8f24-f2a1cc9010ad},185,COMPLETED,develop,d1fa6a172bfae6180e31d176cfbf5070c522b216,2025-08-08T18:12:23.168345058Z,629
solutionsmetrixcrmdev,esl,esl,{bd39edf4-41b0-4872-8f8e-055209b04156},186,COMPLETED,release/2.2.10,4fc8951e8232eeec21e50c68969bf6eaccd7d357,2025-08-08T18:14:04.587574651Z,656
solutionsmetrixcrmdev,esl,esl,{ea8f6bcf-cf4c-4d11-b77f-7c65ae0f8527},187,COMPLETED,develop,26da5d179f82334cd2c8dcf54a74e4a65d45f70a,2025-08-08T18:46:30.098421401Z,528
solutionsmetrixcrmdev,esl,esl,{6ed226bd-258e-4788-ab7a-0242b9b1fd0b},188,COMPLETED,release/2.2.10,c8edf62b6e19431f7e642ebe6b439fb0119a044f,2025-08-08T18:47:41.905371092Z,593
solutionsmetrixcrmdev,esl,esl,{41cb08ab-4afc-4858-8540-dd05c01077c4},189,COMPLETED,develop,2209d5247a06bae72d71b2bc8544db26c816b7d9,2025-08-08T21:16:15.266457843Z,427
solutionsmetrixcrmdev,esl,esl,{f6042a96-dd60-4160-8eeb-d4f2fb8b92f3},190,COMPLETED,release/2.2.10,c87b20ad5fb9db0240e1260fae9dcf97d443b284,2025-08-08T21:54:17.255951263Z,390
solutionsmetrixcrmdev,esl,esl,{90c26d3a-bd83-4331-8c86-9a1e87059995},191,COMPLETED,develop,39e4f8f526ca23972666b610396e467a8c982661,2025-08-11T14:29:39.894872507Z,651
solutionsmetrixcrmdev,esl,esl,{ea2f4d1c-5b71-46ef-86a2-eb5ad94b3b7e},192,COMPLETED,develop,07eacd70b2df488eeec626e8e38e2cee4793bbb1,2025-08-11T15:19:38.173463599Z,727
solutionsmetrixcrmdev,esl,esl,{10b80912-7ba6-492f-9532-7896f2aa86bf},193,COMPLETED,develop,e68defab78baa2a7848363ed59cc9673b4ebb76a,2025-08-11T17:27:34.504425243Z,712
solutionsmetrixcrmdev,esl,esl,{08f0e722-9dbd-49d8-a24d-8b9f5e1afb94},194,COMPLETED,develop,473e6934c65ca70346bd56c1ecf0e56a1d090be4,2025-08-11T18:25:39.345854508Z,503
solutionsmetrixcrmdev,esl,esl,{79955ff6-3c32-444f-96f9-cad17c4334f4},195,COMPLETED,develop,960bad124be51fe9a069bd307eeaca940c64eff1,2025-08-11T19:09:06.042660618Z,483
solutionsmetrixcrmdev,esl,esl,{6e75beb7-187b-49d4-b703-a0eaf4ad1258},196,COMPLETED,develop,6c996ad97ec2f565b01189d0fbec4632f71ac959,2025-08-11T20:53:51.672786869Z,541
solutionsmetrixcrmdev,esl,esl,{e7fe062b-c275-4b95-9977-0a06f9c60867},197,COMPLETED,develop,da0446d475e7f558fe88d99e45071fdcabd2107a,2025-08-12T12:45:19.314884622Z,571
solutionsmetrixcrmdev,esl,esl,{7bf517cd-6127-4c60-a800-c97911860870},198,IN_PROGRESS,develop,cc1bc0100ab3ad7c2f396e9ee941c08160380665,2025-08-12T12:48:04.551141185Z,0
solutionsmetrixcrmdev,esl,esl,{03bb0923-c671-4b10-a771-08c91efd1ab0},199,COMPLETED,develop,b4df4860e55d778cb1efdfbf4e0270ba5d6b3827,2025-08-12T12:51:43.915775951Z,776
solutionsmetrixcrmdev,esl,esl,{367b6783-33d0-4759-9a31-ca5e57dd9752},200,COMPLETED,develop,542e7356d60d8d0536809544f80c925d3385e243,2025-08-12T14:06:00.114942941Z,510
solutionsmetrixcrmdev,esl,esl,{0ed87271-bc3c-47da-894b-bf968773d82a},201,COMPLETED,release/2.2.11,542e7356d60d8d0536809544f80c925d3385e243,2025-08-13T01:49:39.043910269Z,564
solutionsmetrixcrmdev,esl,esl,{8f2eb2cb-e527-4cef-8fa7-237e2be1e752},202,COMPLETED,develop,b163b83d033b805ddb9b89d297664e27d3952ba7,2025-08-14T17:15:13.075769319Z,596
solutionsmetrixcrmdev,esl,esl,{3e97eeb4-18fd-4061-a7e2-ea26f94f61a4},203,COMPLETED,develop,2b6965ba6cd4b82c703ae4f619dd41b723acc95e,2025-08-14T20:50:07.031398125Z,562
solutionsmetrixcrmdev,esl,esl,{40d8e365-84ab-4f42-b08f-b64926b8b8c4},204,COMPLETED,develop,adc8c0d2435a7a502e9af5db7face830448b163f,2025-08-14T21:20:37.994680409Z,531
solutionsmetrixcrmdev,esl,esl,{514129e1-2618-4496-aa33-5944faac240f},205,IN_PROGRESS,develop,5ffa52f9fcd352d3a3227fd79fb51e7e564c5327,2025-08-14T21:27:25.985343716Z,0
solutionsmetrixcrmdev,esl,esl,{26f21d20-bfed-41af-99c3-ece763f53288},206,COMPLETED,develop,632af5dab1c453aad70fd338a2c2b35c501a7cd2,2025-08-15T02:49:02.878503565Z,664
solutionsmetrixcrmdev,esl,esl,{7bc76585-03e5-4d8c-9e9b-cfb8d7000237},207,COMPLETED,develop,e143139552f068e6a1866bd7ff967c29067aaff6,2025-08-15T18:02:15.878151241Z,642
solutionsmetrixcrmdev,esl,esl,{f380d427-4a57-420f-bdef-0b5f7b1fa35c},208,COMPLETED,develop,0b08caf7060735bf369283e5e8a842dc2b5daba2,2025-08-15T18:36:21.670908864Z,457
solutionsmetrixcrmdev,esl,esl,{5237fea5-9008-4973-86fa-b168507c64fd},209,COMPLETED,develop,779ddfbf8afa15f51c1f68b4fe9e7d98c0806a41,2025-08-15T18:51:50.944980918Z,799
solutionsmetrixcrmdev,esl,esl,{bc25513d-9f52-40a7-beae-a7428eabb28a},210,COMPLETED,develop,4de9983a94f74e6e2407f3c12ab3b0b5736715d7,2025-08-16T14:48:31.11675372Z,549
solutionsmetrixcrmdev,esl,esl,{d391b649-87fd-4ecd-b568-947b32d78447},211,COMPLETED,develop,7c1dd8027946cf13f6b886ac7e75014b34b24e96,2025-08-17T20:56:22.422612829Z,774
solutionsmetrixcrmdev,esl,esl,{160b74b2-7e65-4cc5-a4fa-a204c6e0ca19},212,COMPLETED,develop,0ad84d53bf8d9e149dad69612c436e50e366d732,2025-08-18T15:05:20.471526173Z,275
solutionsmetrixcrmdev,esl,esl,{342c8851-ebe3-43d9-9639-6497160f6b8b},213,COMPLETED,develop,f1328ef4eb96564f5536c39c74bd5dca7ed8ffbf,2025-08-18T15:12:07.745788504Z,862
solutionsmetrixcrmdev,esl,esl,{0fea0bb9-f973-460b-9860-be549e5f2af5},214,COMPLETED,develop,f8b120a5665894b46881ab0d39217f013326ee56,2025-08-18T16:17:52.979490174Z,559
solutionsmetrixcrmdev,esl,esl,{80ebce25-ceb4-41d4-908a-7717df2ad751},215,COMPLETED,develop,3ad400cfd47035860a67a02e9da11857341cddbd,2025-08-18T17:49:41.391670935Z,592
solutionsmetrixcrmdev,esl,esl,{188332b0-3bff-4020-9fc7-0b72e765a6d5},216,COMPLETED,develop,96c7a5b2bf53761e73828b425612021846b24cfa,2025-08-18T18:42:31.911451852Z,599
solutionsmetrixcrmdev,esl,esl,{c6f61396-c196-441e-8469-15e415877374},217,COMPLETED,develop,de4d2414bc6b4161393b1898a8705e35e6d06e0c,2025-08-18T20:35:25.448932366Z,477
solutionsmetrixcrmdev,esl,esl,{3bf90857-90bb-4314-8b3a-8492761cac92},218,COMPLETED,develop,f25d82d01bb8d515944178016b7cb3f2959440c6,2025-08-19T01:33:55.168437602Z,506
solutionsmetrixcrmdev,esl,esl,{7fc7d4d1-dd2e-4531-849f-e8e0a548b497},219,COMPLETED,develop,94b5cee3829b740098153e67979d356201198004,2025-08-19T01:38:34.352393716Z,541
solutionsmetrixcrmdev,esl,esl,{b050bf4a-4fac-4c23-bb1d-d53b0288968d},220,COMPLETED,develop,b066e35a4157406eab38cddc2faf691158e8e7b4,2025-08-19T16:26:08.528427727Z,693
solutionsmetrixcrmdev,esl,esl,{e5078cb8-779d-4bd4-a403-733014bf589f},221,COMPLETED,develop,3edcc44900094dd935b2d58e3bbfc7ab71df1d1a,2025-08-19T16:29:38.811436441Z,652
solutionsmetrixcrmdev,esl,esl,{a07a020a-cfaa-40de-8330-f9ad4af348c9},222,COMPLETED,develop,21e820bc7ed5d006c949635f98746ae1408f68f2,2025-08-19T16:43:51.18966786Z,951
solutionsmetrixcrmdev,esl,esl,{46dda097-f748-44f9-89c8-c6cb1785facc},223,COMPLETED,develop,bc20e925ac5db49009a9e02509314b92f295d571,2025-08-19T19:45:08.056867753Z,586
solutionsmetrixcrmdev,esl,esl,{551ffa2f-b2b3-4e98-b9bd-7d0ef12eb1c7},224,COMPLETED,develop,409e3097ff1c7948ad87a6f98ed744dd8be3afdb,2025-08-20T02:34:49.732186529Z,8
solutionsmetrixcrmdev,esl,esl,{13bb05d8-7fb5-4c32-9d0b-36af869a606f},225,COMPLETED,develop,d10e5701d1cc6097dd68a7510c04acb54abc5cda,2025-08-20T03:00:11.373578453Z,634
solutionsmetrixcrmdev,esl,esl,{5acf2edf-02aa-4526-bf71-576de459a21c},226,COMPLETED,release/2.2.12,d10e5701d1cc6097dd68a7510c04acb54abc5cda,2025-08-20T03:42:09.256538662Z,681
solutionsmetrixcrmdev,esl,esl,{eb8c9237-717c-4974-b98a-e133c03d8ed1},227,COMPLETED,develop,86316858c195c709117efb60353591cb01863523,2025-08-20T14:15:09.134045772Z,4749
solutionsmetrixcrmdev,esl,esl,{6ee7a69d-49c1-4e95-b2c4-d61cdecdd2e3},228,COMPLETED,develop,6dbf9ef4cf51bd606d8681f6dc126db5748fc6b0,2025-08-20T14:48:07.726532849Z,1819
solutionsmetrixcrmdev,esl,esl,{8ca2e112-4b46-4f1e-ac35-b92957e269c6},229,COMPLETED,develop,8268f1c38b7c6df3dc8fbc7c7f4b75f4ff4b9aaa,2025-08-20T17:00:51.662150947Z,1345
solutionsmetrixcrmdev,esl,esl,{b654805d-dbb3-462e-b0fb-482dde5baa50},230,COMPLETED,release/2.2.12,f3b1e3328672633861ba45991affd582228e94ad,2025-08-21T00:23:13.340038769Z,686
solutionsmetrixcrmdev,esl,esl,{cfb9a4a5-e761-4fd6-933c-59fcf9f39333},231,COMPLETED,develop,867192c0db18398ebedba5fa7bca12cfa71adde0,2025-08-21T02:11:57.760342522Z,1922
solutionsmetrixcrmdev,esl,esl,{d069a620-be5a-4d2a-a33b-21c5e16dc799},232,COMPLETED,develop,9c1bc11863d8bdcd6cf2888837550f6efaf2aabe,2025-08-21T02:44:38.373536372Z,7209
solutionsmetrixcrmdev,esl,esl,{a6c91ba8-2b7c-4430-9a7a-fcb70f250c3f},233,COMPLETED,develop,ec71312ec87ec6e2f7e336e3059da67e790dfc2f,2025-08-21T19:24:26.179756382Z,1069
solutionsmetrixcrmdev,esl,esl,{47b6e6c2-e0a1-4476-9db5-17ba84a24f04},234,COMPLETED,develop,301dc64e587b14b8abe6f8251819536ec56bac9f,2025-08-21T19:46:53.435645261Z,649
solutionsmetrixcrmdev,esl,esl,{b4ebe0d4-58a0-416a-8c7d-e87cc4b634b7},235,COMPLETED,develop,301dc64e587b14b8abe6f8251819536ec56bac9f,2025-08-21T20:16:59.309337511Z,579
solutionsmetrixcrmdev,esl,esl,{91775843-8473-4aec-a947-d5c0f6562773},236,COMPLETED,develop,a1f16bbd91aea88366a20ef3b4aee4891ae4b6c1,2025-08-21T20:47:54.155213516Z,194
solutionsmetrixcrmdev,esl,esl,{38075082-2d08-493e-aa8a-01db203d82af},237,COMPLETED,develop,a1f16bbd91aea88366a20ef3b4aee4891ae4b6c1,2025-08-22T13:03:37.216224575Z,589
solutionsmetrixcrmdev,esl,esl,{1d076b81-2426-4b52-b821-30e460b4caf5},238,COMPLETED,develop,fc1a3de78c6280dde9628a4561f2bfd626152ecb,2025-08-22T14:07:10.5491272Z,7
solutionsmetrixcrmdev,esl,esl,{d1146554-d32f-412f-91cc-465dca7f7e5d},239,COMPLETED,develop,e65c799c1fb65fa7e55fab1f8960051e0c1e76f6,2025-08-22T14:12:49.209912632Z,477
solutionsmetrixcrmdev,esl,esl,{915749c8-ca97-4828-b489-d04d08ad4166},240,COMPLETED,develop,1e05349a4d72de3579567f3803aaa80a2a63cf71,2025-08-22T16:23:17.87651698Z,611
solutionsmetrixcrmdev,esl,esl,{e3bd39cd-3e99-4c02-8600-baddfcb04151},241,COMPLETED,develop,4326a163d4fb724bf294168fdef76b01ff1be8e7,2025-08-22T17:26:32.669532483Z,659
solutionsmetrixcrmdev,esl,esl,{f3b577ba-7b73-412a-b967-d393e98b61ce},242,COMPLETED,release/2.2.12,fb428741b9199fb35edff827036d96fa2aa61350,2025-08-22T18:19:14.813896668Z,682
solutionsmetrixcrmdev,esl,esl,{993bb310-dc55-4095-8509-07af836baaf9},243,COMPLETED,develop,ecf3a40da7f130a7ee0956d1ea1993d8850824e1,2025-08-25T18:47:05.31562553Z,786
solutionsmetrixcrmdev,esl,esl,{a750f8c4-57d9-4cc1-a250-cc164d38cd33},244,COMPLETED,develop,1c541195c2fc412c0f499f4bdfdee7c6ba55318a,2025-08-25T19:04:49.314272444Z,747
solutionsmetrixcrmdev,esl,esl,{8f497cf1-7dda-450a-8d65-7b7fbc4934ab},245,COMPLETED,develop,a4c4b5bf1809b6dd1cc6dd05e31cf345b77d30e0,2025-08-25T20:02:07.537392075Z,7
solutionsmetrixcrmdev,esl,esl,{e181754a-f97a-459c-9399-44e3ce2e4f21},246,COMPLETED,develop,3f002fd567042bbc49bddf67427205fd0a61e1e7,2025-08-25T20:02:30.981875943Z,5
solutionsmetrixcrmdev,esl,esl,{8082b877-332e-4a8d-87c1-faddca5b2994},247,COMPLETED,develop,3f002fd567042bbc49bddf67427205fd0a61e1e7,2025-08-25T20:08:14.94249208Z,474
solutionsmetrixcrmdev,esl,esl,{4f8d2605-d460-44f5-a64b-15450fd17c35},248,COMPLETED,develop,8e230871a9f3cdd7f795edbc6c28b2cb4398e2f4,2025-08-26T12:48:40.559576774Z,1084
solutionsmetrixcrmdev,esl,esl,{11f8ffd5-a718-4ea2-a033-4e136156b863},249,COMPLETED,release/2.2.12,889fd0fcd446a177fd0ae6c8c4c3e0e6ccd9fd2c,2025-08-26T13:58:13.96087317Z,687
solutionsmetrixcrmdev,esl,esl,{a55216f2-0512-4190-a229-ea55bce62d19},250,COMPLETED,develop,0143734e3ae7140081ea741e9e3ebec59684672a,2025-08-26T16:36:29.05320832Z,856
solutionsmetrixcrmdev,esl,esl,{c45e5f80-2722-48fe-881d-3e73842e5164},251,COMPLETED,develop,b7e543eb9b72c17ebb77cc1f85d59224ca07e7d2,2025-08-26T18:27:07.788523424Z,636
solutionsmetrixcrmdev,esl,esl,{93065164-13f0-455d-93c6-ba538d642bbd},252,COMPLETED,develop,0042a8e10305cad8b9cc4f7f82187753f832c4b7,2025-08-26T19:53:36.75730695Z,568
solutionsmetrixcrmdev,esl,esl,{a3926fc4-3222-4ee2-8dc8-10a6c1d0aa9a},253,COMPLETED,develop,1eab55e02cef6b7e4ca0908cf7448b2fa407affd,2025-08-26T19:54:28.392039316Z,673
solutionsmetrixcrmdev,esl,esl,{a8520b26-5b5b-4948-86c3-8c4124933972},254,COMPLETED,develop,651ff249bfba7bd21754afe3a99669c4b0305a40,2025-08-27T15:02:23.30430722Z,605
solutionsmetrixcrmdev,esl,esl,{115c4874-efaa-4932-82a0-0773aa316fd5},255,COMPLETED,develop,71b01a2d68fe11c456c71fe51e49689cf670441f,2025-08-27T15:55:29.575999613Z,0
solutionsmetrixcrmdev,esl,esl,{fa842109-99da-434c-9e89-a59c2e0a02be},256,COMPLETED,develop,71b01a2d68fe11c456c71fe51e49689cf670441f,2025-08-27T15:56:41.00222614Z,0
solutionsmetrixcrmdev,esl,esl,{6e86ad4d-21da-4b68-9889-e381218eeda1},257,COMPLETED,develop,71b01a2d68fe11c456c71fe51e49689cf670441f,2025-08-27T15:57:39.86037359Z,0
solutionsmetrixcrmdev,esl,esl,{abe12209-9c8e-4b3a-9874-a60221d8c0e2},258,COMPLETED,develop,71b01a2d68fe11c456c71fe51e49689cf670441f,2025-08-27T16:01:36.30223308Z,0
solutionsmetrixcrmdev,esl,esl,{2601a2f1-011f-4032-995a-22afacc17d99},259,COMPLETED,develop,71b01a2d68fe11c456c71fe51e49689cf670441f,2025-08-27T16:09:53.195914729Z,469
solutionsmetrixcrmdev,esl,esl,{fdc1cfae-8f3b-4eed-b87e-dd269cfb1145},260,COMPLETED,develop,3211171a19e2839fb4480d547c8c1b0fd054ed56,2025-08-27T21:05:47.007174687Z,586
solutionsmetrixcrmdev,esl,esl,{375fe635-d790-4afa-912e-d2e69688abd0},261,COMPLETED,release/2.2.12,d3a749dab5429d8cfa3b8268732853d0e26b7f43,2025-08-27T21:06:42.800168884Z,780
solutionsmetrixcrmdev,esl,esl,{90dc0dd7-068b-4692-8f40-0b80be7383db},262,COMPLETED,release/2.2.12,d3a749dab5429d8cfa3b8268732853d0e26b7f43,2025-08-27T21:19:47.371658516Z,516
solutionsmetrixcrmdev,esl,esl,{d6f75700-22a4-4199-87c8-e6ad158010b1},263,COMPLETED,develop,ada669087159e20b9e327bcfa9c072417772e185,2025-09-03T15:55:00.571180505Z,649
solutionsmetrixcrmdev,esl,esl,{c32fcd9b-371f-4a3f-bc01-15c6ccd78eb0},264,COMPLETED,develop,ada669087159e20b9e327bcfa9c072417772e185,2025-09-03T16:05:52.768622864Z,701
solutionsmetrixcrmdev,esl,esl,{3c17be66-d9d7-441a-b6e7-68e82ef13297},265,COMPLETED,develop,806b36219a01dbd575ec303b000b723e28f5477a,2025-09-03T23:56:38.90921019Z,7205
solutionsmetrixcrmdev,esl,esl,{acbdece6-fd5b-4f59-a1aa-0d3a2586358f},266,COMPLETED,develop,806b36219a01dbd575ec303b000b723e28f5477a,2025-09-04T13:02:39.094555745Z,693
solutionsmetrixcrmdev,esl,esl,{d1ec6f75-c1cc-46ec-a0e3-7292132883a0},267,COMPLETED,develop,9e97c1dbcfd41883045be58280c609b82ce81956,2025-09-04T15:59:18.367586908Z,932
solutionsmetrixcrmdev,esl,esl,{b321ec33-72c5-419a-95ec-065e8a6aee24},268,COMPLETED,develop,284807e514ec7aa3078f4a391a348858cb7885a9,2025-09-05T14:51:09.025572257Z,764
solutionsmetrixcrmdev,esl,esl,{f25d18b7-4576-42fc-ac9c-a23bbcdea1bd},269,COMPLETED,develop,76687c9efdb1510890891c4e81516a89ac1f3369,2025-09-05T16:08:34.960880735Z,759
solutionsmetrixcrmdev,esl,esl,{898cc1a7-539c-4d42-b99d-7d81010f0d0a},270,IN_PROGRESS,develop,8b0f8926af6854e261697885143c48b229d63b3d,2025-09-05T16:10:00.720423188Z,0
solutionsmetrixcrmdev,esl,esl,{16190c38-1f7e-4882-8bb5-69300a704bdf},271,COMPLETED,develop,bb414f3755f1ee65798eed9ac880ad2f9c0df963,2025-09-05T16:13:22.046167664Z,1065
solutionsmetrixcrmdev,esl,esl,{ba1b64e6-0915-4839-9a44-3337a9906f25},272,COMPLETED,develop,17c88ab1fe2a5e11cfd2f6b29838bcb4ee2f75ee,2025-09-05T20:38:42.485139066Z,631
solutionsmetrixcrmdev,esl,esl,{a2864311-4143-47f8-97d0-2b86c7cc3a99},273,COMPLETED,develop,ed741ad1badb4900497ec5ae9142c375e8a0bba6,2025-09-05T21:21:29.171953314Z,501
solutionsmetrixcrmdev,esl,esl,{5c3b86f6-303d-466f-82f4-063ce28b5cdc},274,COMPLETED,develop,5cf0aa30bc4012dcce3f17784ce95cb063e9002d,2025-09-08T19:16:33.221964365Z,3937
solutionsmetrixcrmdev,esl,esl,{2924465b-52a0-42ab-9393-6d52ef70550b},275,COMPLETED,develop,29f4a06fcb59c4db3807228ace25e5835ca73eb5,2025-09-08T20:21:30.327205161Z,649
solutionsmetrixcrmdev,esl,esl,{6268488b-95ad-4356-86f1-913649b8b283},276,COMPLETED,develop,1f2af96a1b9f7b342b704f1ae75f730185cf6a66,2025-09-09T17:42:36.892805259Z,584
solutionsmetrixcrmdev,esl,esl,{6db472e9-64e5-46b9-b7dc-5f366f70841a},277,COMPLETED,develop,1f2af96a1b9f7b342b704f1ae75f730185cf6a66,2025-09-09T17:55:04.521402077Z,481
solutionsmetrixcrmdev,esl,esl,{8f32e07e-7853-43d1-b7b6-79108cba8110},278,COMPLETED,develop,1132723fd5884e3748d2a99a0233f701012b5eca,2025-09-09T20:25:56.881057829Z,581
solutionsmetrixcrmdev,esl,esl,{39ad06e2-d1a9-40ec-b1e8-c18a63a130d5},279,COMPLETED,develop,1132723fd5884e3748d2a99a0233f701012b5eca,2025-09-09T20:35:41.613859708Z,1338
solutionsmetrixcrmdev,esl,esl,{3bf3a6e1-4229-4f21-b353-fc7697bf47b0},280,COMPLETED,release/2.2.13,1132723fd5884e3748d2a99a0233f701012b5eca,2025-09-09T21:53:06.850852465Z,871
solutionsmetrixcrmdev,esl,esl,{25baa0d0-c92c-4697-9e94-cf88690d9ba3},281,COMPLETED,develop,9f0511bc6cb4b36daf10e2c0975854cff6681261,2025-09-11T03:07:59.426584597Z,7205
solutionsmetrixcrmdev,esl,esl,{53656cec-2773-41f8-9fa4-c80ec68dda31},282,COMPLETED,develop,5fbd7c23181d8e4143f3e547bb26181ca636161f,2025-09-11T15:00:22.36859294Z,7205
solutionsmetrixcrmdev,esl,esl,{e7c8dde9-9614-4b95-8201-ebf4e4c0b5b3},283,COMPLETED,develop,9f0511bc6cb4b36daf10e2c0975854cff6681261,2025-09-11T16:32:58.021605746Z,0
solutionsmetrixcrmdev,esl,esl,{4e5391ed-a573-4558-b688-748afeae7f6f},284,COMPLETED,develop,9f0511bc6cb4b36daf10e2c0975854cff6681261,2025-09-11T17:01:45.995659831Z,269
solutionsmetrixcrmdev,esl,esl,{79904e95-e2ff-4ec1-8437-1d4d5888bdc8},285,IN_PROGRESS,develop,e4716b439c7a6d71c005fb6ba56d969bc1dd7d49,2025-09-11T17:02:43.697136089Z,0
solutionsmetrixcrmdev,esl,esl,{ddff1087-b174-4684-b9dd-62e2d7fa6860},286,IN_PROGRESS,develop,8fcb0b6b5c7ab2a7c5b5ea63e34479079777fab7,2025-09-11T17:03:17.19741715Z,0
solutionsmetrixcrmdev,esl,esl,{61bfb384-92ca-4d96-9102-720fb4072b90},287,COMPLETED,develop,e3afe66bc029f6282fc74d6925ff308f13ee2500,2025-09-16T17:27:19.718120899Z,788
solutionsmetrixcrmdev,esl,esl,{a6e239f6-9562-4abd-920f-f3d48441dff6},288,COMPLETED,develop,ec4a7f016c07915b480eaf5d191ad6fa28dd5ffd,2025-09-18T19:50:52.693792672Z,948
solutionsmetrixcrmdev,esl,esl,{de0c50f6-9b87-4548-8957-e828d7b8e68d},289,COMPLETED,develop,d416129ef11552accc5bb2bc485c757f42f912d1,2025-09-19T15:48:04.261575531Z,590
solutionsmetrixcrmdev,esl,esl,{287a010d-3da5-4125-9548-b1a4de0563d8},290,COMPLETED,develop,b30c3b215fb4a77744d59ab36c65a2041c925325,2025-09-19T15:49:09.288976298Z,589
solutionsmetrixcrmdev,esl,esl,{8adec76d-ce65-485a-a890-781acc2fa0ec},291,COMPLETED,develop,00c0372e65c82a1df25015515c577406c6fef8d8,2025-09-19T20:43:50.914023043Z,623
solutionsmetrixcrmdev,esl,esl,{318acfd0-03cf-44be-a768-5c2eaa1f2eda},292,COMPLETED,develop,ee7c437769c4c0521590c9f0448f31c73e1b90d9,2025-09-19T21:25:39.338954805Z,571
solutionsmetrixcrmdev,esl,esl,{ba7bf969-db32-4e8d-a1c2-c86121b90d23},293,COMPLETED,develop,d5382ebe0d46f220e619053b20261e35435caeeb,2025-09-22T20:51:22.468208049Z,695
solutionsmetrixcrmdev,esl,esl,{5fc7b734-ef80-4534-9f6e-f264e898c997},294,COMPLETED,develop,c618def7f41defa18367a28c03130c4d2fcfae65,2025-09-23T02:29:50.628296174Z,736
solutionsmetrixcrmdev,esl,esl,{9527d588-1577-4660-a698-5cd86d811d7f},295,COMPLETED,develop,67edf331a7f6d4628a83889a34937f59cf01379b,2025-09-23T12:13:14.343537717Z,588
solutionsmetrixcrmdev,esl,esl,{a7bae09a-9884-4970-8793-16df8c6637da},296,COMPLETED,develop,23feb1a975f7684d95ed070b7c6980432c3e17e1,2025-09-23T14:56:48.618204487Z,16
solutionsmetrixcrmdev,esl,esl,{7a767220-b249-44f8-8edb-0cbd91cb691d},297,COMPLETED,develop,23feb1a975f7684d95ed070b7c6980432c3e17e1,2025-09-23T15:05:14.039576709Z,585
solutionsmetrixcrmdev,esl,esl,{e3b5b675-912d-40a4-b52b-7447c711d159},298,COMPLETED,develop,0eeeec4a17b2d2b25ac663b38a8cce804b700751,2025-09-23T15:31:22.795006073Z,912
solutionsmetrixcrmdev,esl,esl,{365cd911-a3c5-4dd7-9d8c-fa44d7e6d101},299,COMPLETED,develop,e1a2176092a271d95d4a9c125ff6e4a27aa930ee,2025-09-23T15:46:53.435177306Z,685
solutionsmetrixcrmdev,esl,esl,{d74c0e4e-b9a9-426f-9307-354a348d2bc4},300,COMPLETED,develop,4a88355dec109cb3acf85022b7d8b838489e846a,2025-09-23T16:25:00.599154206Z,1273
solutionsmetrixcrmdev,esl,esl,{c947bd5f-977d-4f41-b686-aff1aeb52735},301,COMPLETED,develop,53d22de3c2fa0aefca1de35ca97fd69064928a77,2025-09-23T16:48:02.313169112Z,741
solutionsmetrixcrmdev,esl,esl,{a18f6aba-5a22-45ad-b23e-f447c57a0a13},302,COMPLETED,release/2.2.14,53d22de3c2fa0aefca1de35ca97fd69064928a77,2025-09-23T21:10:11.377717564Z,1303
solutionsmetrixcrmdev,esl,esl,{84e5c4c8-3348-45bb-9882-2c49c83795ea},303,COMPLETED,release/2.2.14,53d22de3c2fa0aefca1de35ca97fd69064928a77,2025-09-23T21:32:01.858974891Z,396
solutionsmetrixcrmdev,esl,esl,{ff27c0cd-1d41-4c7b-89df-64652f309e5d},304,COMPLETED,develop,ac8f6240d1823a785dacdc32411d5936674bd577,2025-09-24T12:14:42.744256656Z,938
solutionsmetrixcrmdev,esl,esl,{87f2a9c9-468b-4982-aa20-7dd323feeec9},305,COMPLETED,develop,a1ccaf398a7b7d7ef26a285d2887c8247faeac85,2025-09-24T14:16:50.002084717Z,743
solutionsmetrixcrmdev,esl,esl,{5269ddd1-e9a0-4288-8934-2c41eac77f53},306,COMPLETED,develop,1f5bf24b49376183aa52aa2f0f26d6b2f0f9e686,2025-09-24T16:31:14.453494908Z,661
solutionsmetrixcrmdev,esl,esl,{19812c30-7485-4eca-8517-463d081b0a2b},307,IN_PROGRESS,develop,b577c0e211fa0a92de875f35659e8c7616c4d486,2025-09-24T16:34:45.871833935Z,0
solutionsmetrixcrmdev,esl,esl,{8f590dc9-fe38-400b-9cee-7113758c7c52},308,COMPLETED,develop,1c43f81466d09b58e6eb0c8f13edf64c32f51df8,2025-09-24T16:45:23.219600331Z,1208
solutionsmetrixcrmdev,esl,esl,{f245e6b2-6df6-46fc-b4be-d1a57aa52070},309,COMPLETED,develop,c4cf3060b736ee76bb36f7264946c84944a50e2d,2025-09-24T21:13:54.232397519Z,324
solutionsmetrixcrmdev,esl,esl,{de6842f2-1902-4a61-b4e3-2f7bb1a22cef},310,COMPLETED,develop,dd92db6b75a664e360eefc9bb6d74c1d02838e83,2025-09-25T13:22:24.213626521Z,782
solutionsmetrixcrmdev,esl,esl,{304bc2aa-c2c8-4b16-ad6c-b734c388c5d3},311,COMPLETED,develop,667ee8a21627fbc527f4d7fe56bbb067fe8315bf,2025-09-25T20:11:39.243887572Z,354
solutionsmetrixcrmdev,esl,esl,{2289ad22-9fea-4516-a79f-e03250f225c6},312,COMPLETED,develop,1c614d4443689329c4ddf6de5f959dcb526d7962,2025-09-26T14:36:08.859760451Z,462
solutionsmetrixcrmdev,esl,esl,{34c3a5e1-7773-4be4-9b15-3539705b65b0},313,IN_PROGRESS,develop,6eea77bbb66c1d1318f120090869cc5f2f01f9b9,2025-09-26T14:41:58.495186465Z,0
solutionsmetrixcrmdev,esl,esl,{b517691a-3f72-45fe-bcd7-c8de00eded2a},314,COMPLETED,develop,f3d9243e99234005c63ec8759eb5b650e9544c7a,2025-09-26T14:45:48.589149034Z,782
solutionsmetrixcrmdev,esl,esl,{a68f1c9a-19a7-47bf-be43-221a10126325},315,COMPLETED,develop,655dbcd85090eb333fd705693905228b8242141d,2025-09-26T16:07:27.618105976Z,362
solutionsmetrixcrmdev,esl,esl,{834d02da-600d-4885-b523-ed8d056a51dd},316,COMPLETED,develop,49e39742d66f0870aa0b0670dc0c18927da92ecf,2025-09-26T17:55:21.118523392Z,461
solutionsmetrixcrmdev,esl,esl,{89ef2f94-1fd5-44e7-b3a4-90db56db3485},317,COMPLETED,develop,d89bb0196fe2becaacace39aff01034368bae041,2025-09-29T01:46:27.032576507Z,526
solutionsmetrixcrmdev,esl,esl,{f0bdad92-f1ed-4ef4-a5c0-b86313840027},318,IN_PROGRESS,develop,7ee3d05b2725e365a86103c591c86028cd57902e,2025-09-29T01:52:12.0121076Z,0
solutionsmetrixcrmdev,esl,esl,{709e5b5b-1ec1-4d14-a852-4786c44e0904},319,COMPLETED,develop,20c7d8934361e9f291a02c6751373e4bd3de691b,2025-09-29T01:54:21.640724641Z,711
solutionsmetrixcrmdev,esl,esl,{adb4c121-7dcb-4d0f-a6d8-f479ecc1534e},320,COMPLETED,develop,e1ed171a8432f3f2fb9feebbd4874734c4e6c67f,2025-09-29T13:09:03.929973595Z,672
solutionsmetrixcrmdev,esl,esl,{a0a0c754-a599-4a29-bd7a-6b0665a1f1ac},321,COMPLETED,develop,f500d3e53a77b353fe79f6ea6b82e6bda9466347,2025-09-30T18:57:52.561730316Z,667
solutionsmetrixcrmdev,esl,esl,{dfa1ce18-4b42-4595-94b7-6717f2038420},322,COMPLETED,develop,09bf9ea3eacc8e32395b51faaddfc860f42754b1,2025-10-01T14:34:03.087080381Z,418
solutionsmetrixcrmdev,esl,esl,{d5f28a52-0be1-479d-854a-bb0b3ab43968},323,COMPLETED,develop,a129bdb066867364c9179450aecf4ef9fbcffcfb,2025-10-01T14:55:00.351051549Z,848
solutionsmetrixcrmdev,esl,esl,{8d1f54d4-7f5d-4680-be45-4345aa22cd21},324,COMPLETED,develop,6a65f42a8f153059952258cf2f034a1299c6b580,2025-10-01T16:29:53.753835495Z,893
solutionsmetrixcrmdev,esl,esl,{9ae8d8e6-fbae-4583-be88-432f5a4b9a28},325,COMPLETED,develop,23c87dc5e41c10706c354418821d2f6bb4581154,2025-10-01T20:35:41.784105884Z,381
solutionsmetrixcrmdev,esl,esl,{1e7741b8-1d48-40a7-a852-ff95e3362725},326,COMPLETED,develop,32abd64ee192e218edf8a2a50aebea25dae75749,2025-10-02T17:56:20.354477197Z,580
solutionsmetrixcrmdev,esl,esl,{8ba8caca-c662-4bf8-ab01-8a0e5cdb2cae},327,COMPLETED,develop,8429aac24f04af18d8c013e6cba3cb77e60df721,2025-10-03T13:18:42.571817582Z,471
solutionsmetrixcrmdev,esl,esl,{c51b51b8-cb99-4218-b77d-5a7a1af3342a},328,COMPLETED,develop,748bd953d46909c7fe542320dae89e2c37c418e5,2025-10-03T13:50:15.893405645Z,1452
solutionsmetrixcrmdev,esl,esl,{fe627d1a-d8b6-4c79-82f6-fd9ad9ba2251},329,COMPLETED,develop,87c8ea778396847685054e6663820f0d62da03ab,2025-10-03T20:06:34.961216782Z,405
solutionsmetrixcrmdev,esl,esl,{e1b22eb2-ec7c-4622-a0e4-31836ea09923},330,COMPLETED,develop,22beff1442576a1b391bdacc6f015cb960e7e78e,2025-10-06T14:02:13.00847771Z,430
solutionsmetrixcrmdev,esl,esl,{a600eda1-e8d3-4a69-9d7e-a8d33a87f051},331,COMPLETED,develop,0f1ef6880b01124870d663379d6136777d11e0a0,2025-10-06T14:48:45.708470594Z,421
solutionsmetrixcrmdev,esl,esl,{025d283e-e2e3-4dfb-add1-e1057321a1c9},332,COMPLETED,develop,ba7ea3830319216b9449a90e2b9c99c05e2dbd36,2025-10-06T15:59:41.386429642Z,665
solutionsmetrixcrmdev,esl,esl,{59209f80-d5cf-46a8-942f-9b29434656e0},333,IN_PROGRESS,develop,d21f6c5b620e2ad45b73a4949efe15782c1c266f,2025-10-06T16:00:37.130459436Z,0
solutionsmetrixcrmdev,esl,esl,{19e6d5ca-aa20-48c6-9525-75341faf781d},334,IN_PROGRESS,develop,0f2baebcab540acb6c041cc2d6d9b6129fa5a40b,2025-10-06T16:01:25.30632271Z,0
solutionsmetrixcrmdev,esl,esl,{78430ae4-7ec4-4f45-8e4b-ce6ee77a6f73},335,COMPLETED,develop,48c83e60591a60da4c0b0a995961f5067fd0e828,2025-10-06T16:11:24.976169789Z,565
solutionsmetrixcrmdev,esl,esl,{a6f91043-0f33-42e0-9c40-c8a278bff58d},336,COMPLETED,develop,e20d984963acc609e2056cc9080478576a16a81d,2025-10-06T21:05:04.905466783Z,435
solutionsmetrixcrmdev,esl,esl,{c6037a8a-3216-4ac4-9cc2-124552d4bc89},337,COMPLETED,develop,f50927651ec0e03d2ff9a9333c6475317cc042e1,2025-10-06T21:15:29.994210078Z,607
solutionsmetrixcrmdev,esl,esl,{5c2448b2-554e-41cb-9ca1-5d05d89bdda6},338,COMPLETED,develop,f3cc837a7e2598838936012103176512eefa31ec,2025-10-07T12:58:38.439635385Z,694
solutionsmetrixcrmdev,esl,esl,{c78b7f3d-7b0d-4fcd-93e6-52f6364474f8},339,COMPLETED,develop,3492a06bd48e7f619c32c13ee488ce2151fff146,2025-10-07T19:44:55.476074025Z,454
solutionsmetrixcrmdev,esl,esl,{0eacc3e0-4cca-44ce-8b60-7ed75b8c36db},340,COMPLETED,release/2.2.15,3492a06bd48e7f619c32c13ee488ce2151fff146,2025-10-07T20:30:44.19871389Z,709
solutionsmetrixcrmdev,esl,esl,{b3e7b6a4-4f52-454c-8a08-4330d131a155},341,COMPLETED,develop,23804a8154a0a86966693f58637e14e7dbc66b9c,2025-10-08T19:01:43.471935428Z,568
solutionsmetrixcrmdev,esl,esl,{c4e8fd92-38df-4f59-9727-44c98f89cb66},342,COMPLETED,develop,2fc9a594d8e777dbd87e8599dd7b4fb771d8b603,2025-10-08T19:02:35.812058201Z,679
solutionsmetrixcrmdev,esl,esl,{4fab512b-1125-4670-9108-349e1afb9694},343,COMPLETED,develop,e046b7261e53bec513192ffb06cac470297d54dc,2025-10-10T16:08:08.000449231Z,372
solutionsmetrixcrmdev,esl,esl,{bc946c6a-7172-4e21-a750-cdc345511712},344,COMPLETED,develop,5d9f0f5e1c68e30defd7392c67ee4afb47611797,2025-10-10T17:39:32.167036773Z,468
