parent_type,parent_id,child_type,child_id,label
project,CP,repo,creatiotools,contains
project,esl,repo,esl,contains
repo,esl,pipeline,1,runs
repo,esl,pipeline,2,runs
repo,esl,pipeline,3,runs
repo,esl,pipeline,4,runs
repo,esl,pipeline,5,runs
repo,esl,pipeline,6,runs
repo,esl,pipeline,7,runs
repo,esl,pipeline,8,runs
repo,esl,pipeline,9,runs
repo,esl,pipeline,10,runs
repo,esl,pipeline,11,runs
repo,esl,pipeline,12,runs
repo,esl,pipeline,13,runs
repo,esl,pipeline,14,runs
repo,esl,pipeline,15,runs
repo,esl,pipeline,16,runs
repo,esl,pipeline,17,runs
repo,esl,pipeline,18,runs
repo,esl,pipeline,19,runs
repo,esl,pipeline,20,runs
repo,esl,pipeline,21,runs
repo,esl,pipeline,22,runs
repo,esl,pipeline,23,runs
repo,esl,pipeline,24,runs
repo,esl,pipeline,25,runs
repo,esl,pipeline,26,runs
repo,esl,pipeline,27,runs
repo,esl,pipeline,28,runs
repo,esl,pipeline,29,runs
repo,esl,pipeline,30,runs
repo,esl,pipeline,31,runs
repo,esl,pipeline,32,runs
repo,esl,pipeline,33,runs
repo,esl,pipeline,34,runs
repo,esl,pipeline,35,runs
repo,esl,pipeline,36,runs
repo,esl,pipeline,37,runs
repo,esl,pipeline,38,runs
repo,esl,pipeline,39,runs
repo,esl,pipeline,40,runs
repo,esl,pipeline,41,runs
repo,esl,pipeline,42,runs
repo,esl,pipeline,43,runs
repo,esl,pipeline,44,runs
repo,esl,pipeline,45,runs
repo,esl,pipeline,46,runs
repo,esl,pipeline,47,runs
repo,esl,pipeline,48,runs
repo,esl,pipeline,49,runs
repo,esl,pipeline,50,runs
repo,esl,pipeline,51,runs
repo,esl,pipeline,52,runs
repo,esl,pipeline,53,runs
repo,esl,pipeline,54,runs
repo,esl,pipeline,55,runs
repo,esl,pipeline,56,runs
repo,esl,pipeline,57,runs
repo,esl,pipeline,58,runs
repo,esl,pipeline,59,runs
repo,esl,pipeline,60,runs
repo,esl,pipeline,61,runs
repo,esl,pipeline,62,runs
repo,esl,pipeline,63,runs
repo,esl,pipeline,64,runs
repo,esl,pipeline,65,runs
repo,esl,pipeline,66,runs
repo,esl,pipeline,67,runs
repo,esl,pipeline,68,runs
repo,esl,pipeline,69,runs
repo,esl,pipeline,70,runs
repo,esl,pipeline,71,runs
repo,esl,pipeline,72,runs
repo,esl,pipeline,73,runs
repo,esl,pipeline,74,runs
repo,esl,pipeline,75,runs
repo,esl,pipeline,76,runs
repo,esl,pipeline,77,runs
repo,esl,pipeline,78,runs
repo,esl,pipeline,79,runs
repo,esl,pipeline,80,runs
repo,esl,pipeline,81,runs
repo,esl,pipeline,82,runs
repo,esl,pipeline,83,runs
repo,esl,pipeline,84,runs
repo,esl,pipeline,85,runs
repo,esl,pipeline,86,runs
repo,esl,pipeline,87,runs
repo,esl,pipeline,88,runs
repo,esl,pipeline,89,runs
repo,esl,pipeline,90,runs
repo,esl,pipeline,91,runs
repo,esl,pipeline,92,runs
repo,esl,pipeline,93,runs
repo,esl,pipeline,94,runs
repo,esl,pipeline,95,runs
repo,esl,pipeline,96,runs
repo,esl,pipeline,97,runs
repo,esl,pipeline,98,runs
repo,esl,pipeline,99,runs
repo,esl,pipeline,100,runs
repo,esl,pipeline,101,runs
repo,esl,pipeline,102,runs
repo,esl,pipeline,103,runs
repo,esl,pipeline,104,runs
repo,esl,pipeline,105,runs
repo,esl,pipeline,106,runs
repo,esl,pipeline,107,runs
repo,esl,pipeline,108,runs
repo,esl,pipeline,109,runs
repo,esl,pipeline,110,runs
repo,esl,pipeline,111,runs
repo,esl,pipeline,112,runs
repo,esl,pipeline,113,runs
repo,esl,pipeline,114,runs
repo,esl,pipeline,115,runs
repo,esl,pipeline,116,runs
repo,esl,pipeline,117,runs
repo,esl,pipeline,118,runs
repo,esl,pipeline,119,runs
repo,esl,pipeline,120,runs
repo,esl,pipeline,121,runs
repo,esl,pipeline,122,runs
repo,esl,pipeline,123,runs
repo,esl,pipeline,124,runs
repo,esl,pipeline,125,runs
repo,esl,pipeline,126,runs
repo,esl,pipeline,127,runs
repo,esl,pipeline,128,runs
repo,esl,pipeline,129,runs
repo,esl,pipeline,130,runs
repo,esl,pipeline,131,runs
repo,esl,pipeline,132,runs
repo,esl,pipeline,133,runs
repo,esl,pipeline,134,runs
repo,esl,pipeline,135,runs
repo,esl,pipeline,136,runs
repo,esl,pipeline,137,runs
repo,esl,pipeline,138,runs
repo,esl,pipeline,139,runs
repo,esl,pipeline,140,runs
repo,esl,pipeline,141,runs
repo,esl,pipeline,142,runs
repo,esl,pipeline,143,runs
repo,esl,pipeline,144,runs
repo,esl,pipeline,145,runs
repo,esl,pipeline,146,runs
repo,esl,pipeline,147,runs
repo,esl,pipeline,148,runs
repo,esl,pipeline,149,runs
repo,esl,pipeline,150,runs
repo,esl,pipeline,151,runs
repo,esl,pipeline,152,runs
repo,esl,pipeline,153,runs
repo,esl,pipeline,154,runs
repo,esl,pipeline,155,runs
repo,esl,pipeline,156,runs
repo,esl,pipeline,157,runs
repo,esl,pipeline,158,runs
repo,esl,pipeline,159,runs
repo,esl,pipeline,160,runs
repo,esl,pipeline,161,runs
repo,esl,pipeline,162,runs
repo,esl,pipeline,163,runs
repo,esl,pipeline,164,runs
repo,esl,pipeline,165,runs
repo,esl,pipeline,166,runs
repo,esl,pipeline,167,runs
repo,esl,pipeline,168,runs
repo,esl,pipeline,169,runs
repo,esl,pipeline,170,runs
repo,esl,pipeline,171,runs
repo,esl,pipeline,172,runs
repo,esl,pipeline,173,runs
repo,esl,pipeline,174,runs
repo,esl,pipeline,175,runs
repo,esl,pipeline,176,runs
repo,esl,pipeline,177,runs
repo,esl,pipeline,178,runs
repo,esl,pipeline,179,runs
repo,esl,pipeline,180,runs
repo,esl,pipeline,181,runs
repo,esl,pipeline,182,runs
repo,esl,pipeline,183,runs
repo,esl,pipeline,184,runs
repo,esl,pipeline,185,runs
repo,esl,pipeline,186,runs
repo,esl,pipeline,187,runs
repo,esl,pipeline,188,runs
repo,esl,pipeline,189,runs
repo,esl,pipeline,190,runs
repo,esl,pipeline,191,runs
repo,esl,pipeline,192,runs
repo,esl,pipeline,193,runs
repo,esl,pipeline,194,runs
repo,esl,pipeline,195,runs
repo,esl,pipeline,196,runs
repo,esl,pipeline,197,runs
repo,esl,pipeline,198,runs
repo,esl,pipeline,199,runs
repo,esl,pipeline,200,runs
repo,esl,pipeline,201,runs
repo,esl,pipeline,202,runs
repo,esl,pipeline,203,runs
repo,esl,pipeline,204,runs
repo,esl,pipeline,205,runs
repo,esl,pipeline,206,runs
repo,esl,pipeline,207,runs
repo,esl,pipeline,208,runs
repo,esl,pipeline,209,runs
repo,esl,pipeline,210,runs
repo,esl,pipeline,211,runs
repo,esl,pipeline,212,runs
repo,esl,pipeline,213,runs
repo,esl,pipeline,214,runs
repo,esl,pipeline,215,runs
repo,esl,pipeline,216,runs
repo,esl,pipeline,217,runs
repo,esl,pipeline,218,runs
repo,esl,pipeline,219,runs
repo,esl,pipeline,220,runs
repo,esl,pipeline,221,runs
repo,esl,pipeline,222,runs
repo,esl,pipeline,223,runs
repo,esl,pipeline,224,runs
repo,esl,pipeline,225,runs
repo,esl,pipeline,226,runs
repo,esl,pipeline,227,runs
repo,esl,pipeline,228,runs
repo,esl,pipeline,229,runs
repo,esl,pipeline,230,runs
repo,esl,pipeline,231,runs
repo,esl,pipeline,232,runs
repo,esl,pipeline,233,runs
repo,esl,pipeline,234,runs
repo,esl,pipeline,235,runs
repo,esl,pipeline,236,runs
repo,esl,pipeline,237,runs
repo,esl,pipeline,238,runs
repo,esl,pipeline,239,runs
repo,esl,pipeline,240,runs
repo,esl,pipeline,241,runs
repo,esl,pipeline,242,runs
repo,esl,pipeline,243,runs
repo,esl,pipeline,244,runs
repo,esl,pipeline,245,runs
repo,esl,pipeline,246,runs
repo,esl,pipeline,247,runs
repo,esl,pipeline,248,runs
repo,esl,pipeline,249,runs
repo,esl,pipeline,250,runs
repo,esl,pipeline,251,runs
repo,esl,pipeline,252,runs
repo,esl,pipeline,253,runs
repo,esl,pipeline,254,runs
repo,esl,pipeline,255,runs
repo,esl,pipeline,256,runs
repo,esl,pipeline,257,runs
repo,esl,pipeline,258,runs
repo,esl,pipeline,259,runs
repo,esl,pipeline,260,runs
repo,esl,pipeline,261,runs
repo,esl,pipeline,262,runs
repo,esl,pipeline,263,runs
repo,esl,pipeline,264,runs
repo,esl,pipeline,265,runs
repo,esl,pipeline,266,runs
repo,esl,pipeline,267,runs
repo,esl,pipeline,268,runs
repo,esl,pipeline,269,runs
repo,esl,pipeline,270,runs
repo,esl,pipeline,271,runs
repo,esl,pipeline,272,runs
repo,esl,pipeline,273,runs
repo,esl,pipeline,274,runs
repo,esl,pipeline,275,runs
repo,esl,pipeline,276,runs
repo,esl,pipeline,277,runs
repo,esl,pipeline,278,runs
repo,esl,pipeline,279,runs
repo,esl,pipeline,280,runs
repo,esl,pipeline,281,runs
repo,esl,pipeline,282,runs
repo,esl,pipeline,283,runs
repo,esl,pipeline,284,runs
repo,esl,pipeline,285,runs
repo,esl,pipeline,286,runs
repo,esl,pipeline,287,runs
repo,esl,pipeline,288,runs
repo,esl,pipeline,289,runs
repo,esl,pipeline,290,runs
repo,esl,pipeline,291,runs
repo,esl,pipeline,292,runs
repo,esl,pipeline,293,runs
repo,esl,pipeline,294,runs
repo,esl,pipeline,295,runs
repo,esl,pipeline,296,runs
repo,esl,pipeline,297,runs
repo,esl,pipeline,298,runs
repo,esl,pipeline,299,runs
repo,esl,pipeline,300,runs
repo,esl,pipeline,301,runs
repo,esl,pipeline,302,runs
repo,esl,pipeline,303,runs
repo,esl,pipeline,304,runs
repo,esl,pipeline,305,runs
repo,esl,pipeline,306,runs
repo,esl,pipeline,307,runs
repo,esl,pipeline,308,runs
repo,esl,pipeline,309,runs
repo,esl,pipeline,310,runs
repo,esl,pipeline,311,runs
repo,esl,pipeline,312,runs
repo,esl,pipeline,313,runs
repo,esl,pipeline,314,runs
repo,esl,pipeline,315,runs
repo,esl,pipeline,316,runs
repo,esl,pipeline,317,runs
repo,esl,pipeline,318,runs
repo,esl,pipeline,319,runs
repo,esl,pipeline,320,runs
repo,esl,pipeline,321,runs
repo,esl,pipeline,322,runs
repo,esl,pipeline,323,runs
repo,esl,pipeline,324,runs
repo,esl,pipeline,325,runs
repo,esl,pipeline,326,runs
repo,esl,pipeline,327,runs
repo,esl,pipeline,328,runs
repo,esl,pipeline,329,runs
repo,esl,pipeline,330,runs
repo,esl,pipeline,331,runs
repo,esl,pipeline,332,runs
repo,esl,pipeline,333,runs
repo,esl,pipeline,334,runs
repo,esl,pipeline,335,runs
repo,esl,pipeline,336,runs
repo,esl,pipeline,337,runs
repo,esl,pipeline,338,runs
repo,esl,pipeline,339,runs
repo,esl,pipeline,340,runs
repo,esl,pipeline,341,runs
repo,esl,pipeline,342,runs
repo,esl,pipeline,343,runs
repo,esl,pipeline,344,runs
repo,esl,pipeline,141,runs
repo,esl,pipeline,142,runs
repo,esl,pipeline,143,runs
repo,esl,pipeline,144,runs
repo,esl,pipeline,145,runs
repo,esl,pipeline,146,runs
repo,esl,pipeline,147,runs
repo,esl,pipeline,148,runs
repo,esl,pipeline,149,runs
repo,esl,pipeline,150,runs
repo,esl,pipeline,151,runs
repo,esl,pipeline,152,runs
repo,esl,pipeline,153,runs
repo,esl,pipeline,154,runs
repo,esl,pipeline,155,runs
repo,esl,pipeline,156,runs
repo,esl,pipeline,157,runs
repo,esl,pipeline,158,runs
repo,esl,pipeline,159,runs
repo,esl,pipeline,160,runs
repo,esl,pipeline,161,runs
repo,esl,pipeline,162,runs
repo,esl,pipeline,163,runs
repo,esl,pipeline,164,runs
repo,esl,pipeline,165,runs
repo,esl,pipeline,166,runs
repo,esl,pipeline,167,runs
repo,esl,pipeline,168,runs
repo,esl,pipeline,169,runs
repo,esl,pipeline,170,runs
repo,esl,pipeline,171,runs
repo,esl,pipeline,172,runs
repo,esl,pipeline,173,runs
repo,esl,pipeline,174,runs
repo,esl,pipeline,175,runs
repo,esl,pipeline,176,runs
repo,esl,pipeline,177,runs
repo,esl,pipeline,178,runs
repo,esl,pipeline,179,runs
repo,esl,pipeline,180,runs
repo,esl,pipeline,181,runs
repo,esl,pipeline,182,runs
repo,esl,pipeline,183,runs
repo,esl,pipeline,184,runs
repo,esl,pipeline,185,runs
repo,esl,pipeline,186,runs
repo,esl,pipeline,187,runs
repo,esl,pipeline,188,runs
repo,esl,pipeline,189,runs
repo,esl,pipeline,190,runs
repo,esl,pipeline,191,runs
repo,esl,pipeline,192,runs
repo,esl,pipeline,193,runs
repo,esl,pipeline,194,runs
repo,esl,pipeline,195,runs
repo,esl,pipeline,196,runs
repo,esl,pipeline,197,runs
repo,esl,pipeline,198,runs
repo,esl,pipeline,199,runs
repo,esl,pipeline,200,runs
repo,esl,pipeline,201,runs
repo,esl,pipeline,202,runs
repo,esl,pipeline,203,runs
repo,esl,pipeline,204,runs
repo,esl,pipeline,205,runs
repo,esl,pipeline,206,runs
repo,esl,pipeline,207,runs
repo,esl,pipeline,208,runs
repo,esl,pipeline,209,runs
repo,esl,pipeline,210,runs
repo,esl,pipeline,211,runs
repo,esl,pipeline,212,runs
repo,esl,pipeline,213,runs
repo,esl,pipeline,214,runs
repo,esl,pipeline,215,runs
repo,esl,pipeline,216,runs
repo,esl,pipeline,217,runs
repo,esl,pipeline,218,runs
repo,esl,pipeline,219,runs
repo,esl,pipeline,220,runs
repo,esl,pipeline,221,runs
repo,esl,pipeline,222,runs
repo,esl,pipeline,223,runs
repo,esl,pipeline,224,runs
repo,esl,pipeline,225,runs
repo,esl,pipeline,226,runs
repo,esl,pipeline,227,runs
repo,esl,pipeline,228,runs
repo,esl,pipeline,229,runs
repo,esl,pipeline,230,runs
repo,esl,pipeline,231,runs
repo,esl,pipeline,232,runs
repo,esl,pipeline,233,runs
repo,esl,pipeline,234,runs
repo,esl,pipeline,235,runs
repo,esl,pipeline,236,runs
repo,esl,pipeline,237,runs
repo,esl,pipeline,238,runs
repo,esl,pipeline,239,runs
repo,esl,pipeline,240,runs
repo,esl,pipeline,241,runs
repo,esl,pipeline,242,runs
repo,esl,pipeline,243,runs
repo,esl,pipeline,244,runs
repo,esl,pipeline,245,runs
repo,esl,pipeline,246,runs
repo,esl,pipeline,247,runs
repo,esl,pipeline,248,runs
repo,esl,pipeline,249,runs
repo,esl,pipeline,250,runs
repo,esl,pipeline,251,runs
repo,esl,pipeline,252,runs
repo,esl,pipeline,253,runs
repo,esl,pipeline,254,runs
repo,esl,pipeline,255,runs
repo,esl,pipeline,256,runs
repo,esl,pipeline,257,runs
repo,esl,pipeline,258,runs
repo,esl,pipeline,259,runs
repo,esl,pipeline,260,runs
repo,esl,pipeline,261,runs
repo,esl,pipeline,262,runs
repo,esl,pipeline,263,runs
repo,esl,pipeline,264,runs
repo,esl,pipeline,265,runs
repo,esl,pipeline,266,runs
repo,esl,pipeline,267,runs
repo,esl,pipeline,268,runs
repo,esl,pipeline,269,runs
repo,esl,pipeline,270,runs
repo,esl,pipeline,271,runs
repo,esl,pipeline,272,runs
repo,esl,pipeline,273,runs
repo,esl,pipeline,274,runs
repo,esl,pipeline,275,runs
repo,esl,pipeline,276,runs
repo,esl,pipeline,277,runs
repo,esl,pipeline,278,runs
repo,esl,pipeline,279,runs
repo,esl,pipeline,280,runs
repo,esl,pipeline,281,runs
repo,esl,pipeline,282,runs
repo,esl,pipeline,283,runs
repo,esl,pipeline,284,runs
repo,esl,pipeline,285,runs
repo,esl,pipeline,286,runs
repo,esl,pipeline,287,runs
repo,esl,pipeline,288,runs
repo,esl,pipeline,289,runs
repo,esl,pipeline,290,runs
repo,esl,pipeline,291,runs
repo,esl,pipeline,292,runs
repo,esl,pipeline,293,runs
repo,esl,pipeline,294,runs
repo,esl,pipeline,295,runs
repo,esl,pipeline,296,runs
repo,esl,pipeline,297,runs
repo,esl,pipeline,298,runs
repo,esl,pipeline,299,runs
repo,esl,pipeline,300,runs
repo,esl,pipeline,301,runs
repo,esl,pipeline,302,runs
repo,esl,pipeline,303,runs
repo,esl,pipeline,304,runs
repo,esl,pipeline,305,runs
repo,esl,pipeline,306,runs
repo,esl,pipeline,307,runs
repo,esl,pipeline,308,runs
repo,esl,pipeline,309,runs
repo,esl,pipeline,310,runs
repo,esl,pipeline,311,runs
repo,esl,pipeline,312,runs
repo,esl,pipeline,313,runs
repo,esl,pipeline,314,runs
repo,esl,pipeline,315,runs
repo,esl,pipeline,316,runs
repo,esl,pipeline,317,runs
repo,esl,pipeline,318,runs
repo,esl,pipeline,319,runs
repo,esl,pipeline,320,runs
repo,esl,pipeline,321,runs
repo,esl,pipeline,322,runs
repo,esl,pipeline,323,runs
repo,esl,pipeline,324,runs
repo,esl,pipeline,325,runs
repo,esl,pipeline,326,runs
repo,esl,pipeline,327,runs
repo,esl,pipeline,328,runs
repo,esl,pipeline,329,runs
repo,esl,pipeline,330,runs
repo,esl,pipeline,331,runs
repo,esl,pipeline,332,runs
repo,esl,pipeline,333,runs
repo,esl,pipeline,334,runs
repo,esl,pipeline,335,runs
repo,esl,pipeline,336,runs
repo,esl,pipeline,337,runs
repo,esl,pipeline,338,runs
repo,esl,pipeline,339,runs
repo,esl,pipeline,340,runs
repo,esl,pipeline,341,runs
repo,esl,pipeline,342,runs
repo,esl,pipeline,343,runs
repo,esl,pipeline,344,runs
